DICO;Localizacao;pop_risco_pobreza;proporcao_al;txt_esforco_2023;variacao_txt_esforco_2017_2023;prop_fogos_hab_social;aru_oru;prop_drenagem_agua;prop_abast_agua;r_edi_habfa;certificacao_a_c;emicao_co2_transportes;cheias_inu;incendios;inund_galg;movi_massa;nevoes_pon;onda_de_calor;onda_de_fr;seca_ponde;sismo_pord;tsunami_po;ventos_for
0101;Águeda;18,48844376;1,51;30,55485305;7,125922453;0,32785452;1;90;99;1,4;43;65,64;0,44;59,749;0;10,729;0,763;47,228;66,667;33,341;44,217;1,069;39,849
0102;Albergaria-a-Velha;18,67271458;3,58;28,59790812;3,871641479;0,63992124;0;90;100;0;29;68,63;3,999;47,401;7,93;5,269;0;28,798;66,667;33,333;42,363;8,501;36,196
0103;Anadia;20,77777778;3,51;27,73606662;3,131823342;0,114996956;1;99;100;20;35;47,29;0;44,001;0;4,86;0,001;50;66,667;33,333;51,588;0;37,005
0104;Arouca;26,15665236;5,86;30,26373626;2,303438497;0,21812233;3;51;81;25,9;62;20,68;0;82,112;0;29,526;14,741;50;66,667;33,333;33,333;0;59,068
0105;Aveiro;15,51187905;9,1;39,41397913;10,40678489;2,175824176;0;100;100;12,6;48;152,28;14,495;19,528;33,043;0,092;0;25;66,63;33,333;56,134;30,441;39,305
0106;Castelo de Paiva;28,10268949;1,55;25,3540856;1,186253434;0,542184607;4;18;100;40;44;17,75;0;74,567;0;27,953;0,203;50;66,667;33,333;33,333;0;38,696
0107;Espinho;18,82255846;5,8;40,24555735;5,509167667;4,900101163;0;100;100;14;42;59,97;0;19,892;22,403;0,031;0;25;66,667;33,333;54,109;12,314;65,23
0108;Estarreja;20,12727273;1,06;27,99676637;4,285973865;0,378787879;1;80;100;7,1;34;88,51;10,48;25,444;27,229;0,344;0;25;66,667;33,333;56,683;21,056;38,465
0109;Santa Maria da Feira;19,89283019;0,75;30,46730529;3,844330053;1,284644134;0;97;98;0;48;269,77;0;38,305;0;3,697;0;40,526;66,667;33,333;34,863;0;46,639
0110;Ílhavo;17,5045977;7,61;37,57242439;9,420424388;0,205104831;1;90;100;10,4;43;59,92;8,508;17,2;56,223;0;0;25;66,664;33,333;55,677;33,717;45,188
0111;Mealhada;17,51068229;2,42;23,68573824;2,598524584;0,3658067;3;87;100;25;46;34,35;0;41,972;0;5,804;0,024;50;66,667;38,023;45,993;0;35,835
0112;Murtosa;27,0765625;6,24;32,03475994;3,899928478;1,731319969;2;94;99;37;31;9,06;19,037;18,082;67,444;0;0;25;66,667;33,333;47,398;55,977;45,906
0113;Oliveira de Azeméis;18,09480813;0,51;25,48240559;3,997369383;0,168050613;0;59;84;15;44;85,38;0;44,224;0;8,448;0,098;40,497;66,667;33,333;35,88;0;46,072
0114;Oliveira do Bairro;19,00483092;1,09;28,17583919;5,773485386;0,044216484;6;98;100;7,3;39;38,33;0;29,334;0;0,202;0;34,74;66,667;33,333;65,251;0,999;33,333
0115;Ovar;18,18360196;7,75;32,83827119;4,923732367;0,933422904;1;92;100;1;39;112,42;4,105;26,149;24,98;0,036;0;25,01;66,658;33,333;56,721;14,206;49,102
0116;São João da Madeira;18,1858006;1,42;32,00901535;4,767166545;6,24688652;1;100;100;36,4;23;29,45;0;13,087;0;0,221;0;50;66,667;33,333;33,333;0;37,825
0117;Sever do Vouga;21,59031657;3,66;20,72812701;-0,326847568;0,264182425;0;64;87;38,1;33;17,95;0;69,484;0;23,449;1,258;50;66,667;33,333;33,434;0;54,741
0118;Vagos;22,72434916;3,93;32,20374876;7,220821688;0,319683361;1;92;100;0;45;33,82;1,512;38,976;12,662;0,121;0;25;66,667;33,333;65,434;7,365;37,892
0119;Vale de Cambra;18,86602871;2,23;29,10658942;7,374645472;0,025150905;0;75;67;13,7;36;25,02;0;70,704;0;27,435;9,248;50;66,667;33,333;34,026;0;70,05
0201;Aljustrel;14,12129964;1,29;27,70829673;3,230501938;0,508733254;0;96;96;0;16;27,71;0;22,519;0;0,061;0;74,05;66,667;86,559;37,508;0;33,333
0202;Almodôvar;22;3,43;29,43675246;1,419223971;0,177085178;3;76;79;27,3;26;28,74;0;41,781;0;3,138;0;59,324;41,107;100;55,725;0;48,271
0203;Alvito;19,35273243;7,48;29,24805532;3,063663729;1,697792869;2;82;77;50;32;1,94;0;21,986;0;0,091;0;75;66,667;99,479;33,995;0;33,994
0204;Barrancos;19,35273243;4,22;29,24805532;3,063663729;0,616808019;1;100;100;100;0;1,42;0;36,336;0;2,835;0;100;33,331;100;32,859;0;35,138
0205;Beja;16,94277286;2,75;33,04315097;7,661167995;1,758338639;3;94;94;6,7;39;34,29;0;22,315;0;0,181;0;75,071;57,072;100;34,727;0;33,333
0206;Castro Verde;13,21020521;2,8;25,35657686;3,09622984;0,99938813;1;95;94;4,8;31;18,11;0;24,675;0;0,038;0;75;59,93;100;33,663;0;33,333
0207;Cuba;19,28484848;6,35;29,5718031;3,335071379;2,009377093;1;100;94;16;20;3,79;0;23,21;0;0,035;0;75;66,667;100;34,476;0;33,333
0208;Ferreira do Alentejo;23,70934256;5,53;29,06763036;0,735551895;0;1;100;99;0;20;23,87;0;21,211;0;0,056;0;72,129;66,667;79,33;43,1;0,257;33,333
0209;Mértola;22,6221374;4,21;31,83692669;2,748664629;0,539052644;0;74;99;36,4;28;5,65;0;31,123;0;1,09;0;57,993;33,848;100;33,259;0,2;33,284
0210;Moura;23,36142626;1,66;27,01039501;1,31847633;0,45045045;0;91;92;57,1;17;11,78;0;28,424;0;1,099;0;100;33,333;100;37,101;0;36,259
0211;Odemira;33,04366812;23,07;44,86490872;6,954216198;0,067805804;0;66;73;33,3;29;20,24;0;38,36;0,504;4,341;0;43,984;53,247;76,333;58,037;1,44;39,745
0212;Ourique;19,83877996;1,82;30,71244896;2,038739571;0,966628308;1;71;83;33,3;25;20,9;0;31,485;0;1,883;0;62,471;65,859;92,671;36,538;0;34,111
0213;Serpa;23,89001692;2,28;32,03786982;2,789928377;0;0;100;100;36,7;25;12,13;0;25,318;0;0,441;0;82,107;33,333;100;34,187;0;33,358
0214;Vidigueira;19,52957172;0;30,0310605;1,334471634;0;0;95;97;55,6;25;4,61;0;30,312;0;2,403;0;83,656;52,82;100;40,245;0;33,984
0301;Amares;24,13523132;7,88;26,14153846;6,040277827;0;0;62;100;20;53;21,07;0;49,423;0;28,051;2,973;75;100;33,333;33,94;0;42,176
0302;Barcelos;20,74422735;1,59;30,31578947;1,873123873;0,371623726;2;72;94;4,8;53;172,71;0;38,072;0,003;7,798;0;47,758;100;33,333;34,278;0,124;48,564
0303;Braga;17,63659961;4,08;37,86000376;10,99953293;0,77202915;2;100;100;13,4;59;290,78;0;38,931;0;11,624;0,551;67,285;100;33,333;33,87;0;46,933
0304;Cabeceiras de Basto;30,2144873;6,36;22,49622039;-0,684740543;0,214899713;3;41;89;37,9;55;16,13;0;78,104;0;34,193;32,665;75;100;33,333;33,333;0;70,349
0305;Celorico de Basto;31,43373494;5,79;25,42725294;0,880040332;0;5;34;88;0;49;20,04;0;67,208;0;23,073;17,542;75;100;33,333;33,333;0;62,173
0306;Esposende;21,46;13,66;40,89188052;8,804999887;0,308223976;4;85;100;4,5;61;70,12;4,438;29,092;26,916;2,225;0;25;99,999;33,333;40,556;12,608;64,204
0307;Fafe;25,81947262;0,69;24,8130107;1,24103618;0,823837388;0;52;99;6,9;47;63,85;0;68,393;0;21,046;20,665;75;100;33,333;33,333;0;69,94
0308;Guimarães;17,75037594;1,9;29,7868784;4,241281057;2,384066587;0;94;99;13,2;54;243,66;0;43,972;0;15,759;0,803;73,172;100;33,333;33,333;0;45,229
0309;Póvoa de Lanhoso;26,11948529;1,72;25,92000001;2,827856458;0,31260283;0;53;99;1,6;52;20,48;0;60,764;0;23,251;3,08;75;100;33,333;33,333;0;47,448
0310;Terras de Bouro;28,39830508;41,9;44,59762639;9,945219971;0,472861842;0;37;94;0;47;5,63;0;80,12;0;55,051;48,139;82,33;100;33,333;33,315;0;75,904
0311;Vieira do Minho;30,61871921;0;28,22727273;-1,153819993;1,253918495;1;40;87;26,5;35;11,39;0;77,014;0;40,831;35,189;75;100;33,333;33,333;0;73,009
0312;Vila Nova de Famalicão;17,23768116;0;29,4196662;3,742557764;0,652209066;0;96;93;15,9;56;236,59;0;32,641;0;5,771;0;50,027;100;33,333;34,849;0;38,74
0313;Vila Verde;26,43495146;0;31,57296921;7,935144867;0,095305184;0;45;78;0;59;51,97;0;53,268;0;23,034;5,033;71,809;100;33,333;34,257;0;51,55
0314;Vizela;18,4649629;0;27,43355372;5,693025594;0,189693329;0;97;98;19,2;61;33,5;0;41,256;0;21,839;0;75;100;33,333;33,333;0;40,045
0401;Alfândega da Fé;31,8849252;3,24;21,24356436;-3,373807888;0,963733198;1;91;100;0;51;3,96;0;66,616;0;14,935;19,986;90,839;100;66,667;34,507;0;58,131
0402;Bragança;19,99273168;4,42;18,37685025;-0,837596701;1,072501073;0;90;99;25;42;58,99;0;70,169;0;10,715;59,764;75,333;100;66,667;34,382;0;69,098
0403;Carrazeda de Ansiães;30,84136546;2,74;27,57602438;-0,745396057;0,74019245;0;79;90;40;36;4,95;0;72,518;0;30,809;32,062;75;100;66,667;33,834;0;35,826
0404;Freixo de Espada à Cinta;25,63541667;4,06;26,44540066;-0,020457671;1,470588235;0;48;59;33,3;33;2,93;0;77,259;0;21,459;26,913;100;99,998;66,667;31,659;0;68,148
0405;Macedo de Cavaleiros;32,53959965;4,07;21,13981359;1,044564947;0,929996618;1;81;95;9,4;44;23,12;0;66,379;0;9,952;35,778;75,745;100;66,667;34,639;0;64,199
0406;Miranda do Douro;24,77383178;4,33;18,90396476;-1,488581827;0,397373877;0;96;100;64,7;36;5,81;0;58,578;0;1,513;57,065;100;99,999;66,667;36,09;0;65,702
0407;Mirandela;26,86200717;1,34;18,46488446;-3,796953981;1,189251736;0;90;98;0;49;42,66;0;59,121;0;8,005;5,304;75,497;100;66,667;34,174;0;46,291
0408;Mogadouro;29,44129555;4,38;19,55801644;-3,575005234;0,535690371;0;98;100;40;44;7,41;0;63,001;0;11,112;40,761;99,923;100;66,667;33,29;0;88,231
0409;Torre de Moncorvo;29,20958084;0;26,42394743;0,139802509;0,999866684;0;77;90;60;31;6,66;0;75,219;0;23,817;19,063;96,168;100;66,667;34,583;0;48,412
0410;Vila Flor;32,70434783;0;16,22435424;-7,354034885;0,614983228;0;98;98;0;28;5,2;0;66,325;0;17,104;18,602;75,301;100;66,667;34,715;0;43,843
0411;Vimioso;29,88246628;0;21,4274301;-1,870386495;0,8399832;0;94;95;0;60;3,63;0;68,648;0;9,214;40,044;92,352;100;66,667;35,216;0;65,357
0412;Vinhais;33,73882353;0;22,38108484;-2,267563809;0,559040087;0;79;100;0;26;7,04;0;76,677;0;19;54,161;85,868;100;55,672;33,311;0;73,703
0501;Belmonte;22,62178218;4,03;17,17079113;3,168967978;0;0;92;100;25;26;11,6;0;60,126;0;8,016;15,013;100;66,667;66,667;40,042;0;65,042
0502;Castelo Branco;16,9787508;1,1;22,6118817;1,993699889;0,755453272;1;78;99;9,2;41;64,61;0;54,942;0;4,642;3,393;92,073;67,281;66,667;33,978;0;47,785
0503;Covilhã;18,3757764;3,34;27,49062702;3,698145818;1,880592069;0;86;93;0;33;63,18;0;76,946;0;22,381;39,985;94,7;66,667;66,667;36,474;0;91,304
0504;Fundão;22,32939189;0;26,14545721;1,374619772;0,088479915;5;82;88;11,1;40;39,24;0;65,343;0;10,383;18,285;95,611;66,667;66,667;33,796;0;69,346
0505;Idanha-a-Nova;23,89724771;3,37;26,26861811;1,074182247;0,079189104;0;76;99;29,5;17;7,54;0;47,182;0;2,583;1,473;100;95,891;66,667;33,298;0;34,016
0506;Oleiros;24,45758355;1,19;25,95797043;-0,410195215;0;0;59;100;22,2;37;4,44;0;87,088;0;20,036;34,611;75;66,667;66,667;33,643;0;98,743
0507;Penamacor;23,86907449;2,79;25,36810869;1,237841249;0;3;94;98;50;12;4,41;0;61,156;0;7,802;22,406;100;97,23;66,667;34,498;0;42,188
0508;Proença-a-Nova;22,72434608;1,83;24,47739602;-0,225776337;0;1;50;100;55,6;46;6,46;0;71,742;0;9,555;8,455;75;66,667;66,667;34,161;0;53,915
0509;Sertã;27,47698745;2,21;27,26668273;1,639160398;0,249128052;0;33;100;0;37;12,33;0;77,987;0;10,987;9,325;75;66,667;66,667;33,604;0;72,977
0510;Vila de Rei;19,61220826;3,79;30,88892159;4,257560402;1,222736286;2;42;100;30,4;45;2,68;0;85,804;0;17,509;0,211;75;66,667;66,667;35,08;0;62,207
0511;Vila Velha de Ródão;18,0534846;2,81;22,09357998;0,628212589;0;0;95;100;25;43;24,75;0;57,506;0;9,367;0,038;79,19;66,667;66,667;35,668;0;35,147
0601;Arganil;22,71401152;4,25;22,61954262;1,057254441;0,218958124;1;63;92;7,7;34;9,43;0;86,047;0;24,123;24,416;75;66,667;66,667;39,211;0;90,619
0602;Cantanhede;22,73274336;1,04;25,73590821;2,239404713;0,052676947;1;98;99;17,6;51;58,3;0;40,552;3,188;0,088;0;35,296;66,667;33,382;56,17;0,798;36,174
0603;Coimbra;13,90764156;5,18;33,89088467;4,597733997;1,016974133;3;100;100;13,6;44;216;0,937;43,024;0;8,289;0;50;66,667;63,373;46,969;1,792;34,621
0604;Condeixa-a-Nova;14,35430666;2,12;25,81663548;4,873575798;0,229829442;0;88;100;23,5;56;48,93;0;44,168;0;7,257;0;50;66,667;66,667;44,783;0,374;36,049
0605;Figueira da Foz;17,03097893;6,71;35,66502216;9,971128417;1,274838944;4;95;100;44,8;46;101,75;2,603;37,68;13,541;1,31;0;25,091;66,666;33,333;53,491;11,91;50,81
0606;Góis;21,37616387;6,66;36,89726443;3,183617438;0,117970901;1;43;100;60;16;3,31;0;88,102;0;29,05;28,611;75;66,667;66,667;36,838;0;94,53
0607;Lousã;18,00806994;6,22;23,82699558;4,361557787;0,203409531;10;80;100;30;46;13,67;0;70,925;0;20,03;13,378;67,439;66,667;66,667;40,737;0;57,996
0608;Mira;22,84473198;7,31;23,08303961;-4,382976968;0;0;69;100;5,3;52;17,01;0,121;53,026;24,59;0,006;0;25;66,664;33,333;66,213;7,314;45,631
0609;Miranda do Corvo;18,86087625;3,22;25,27261385;3,771631531;0;0;63;100;32,4;52;12,78;0;71,303;0;18,424;7,257;51,893;66,667;66,667;41,65;0;45,271
0610;Montemor-o-Velho;16,44198895;1,17;24,25072372;3,170436678;0,030061626;2;71;100;9,5;46;29,24;0;28,791;0,016;0,573;0;40,132;66,667;35,311;56,852;16,228;33,333
0611;Oliveira do Hospital;22,47843137;3,57;19,66299925;-2,165490014;0,294519072;0;100;100;48,3;41;19,5;0;79,122;0;15,517;9,016;75;66,667;66,667;33,698;0;85,324
0612;Pampilhosa da Serra;20,6462963;3,21;36,22830708;3,512006916;0;0;44;100;66,7;25;3,48;0;92,709;0;26,574;38,281;75;66,667;66,667;33,864;0;99,194
0613;Penacova;23,72102161;3,95;22,30985915;-10,83459639;0,129854799;3;48;96;40;44;11,84;0;67,133;0;15,537;0,01;56,141;66,667;66,667;34,389;0;48,311
0614;Penela;22,01083032;5,59;37,12861295;2,079384129;0;0;38;80;11,1;33;12,31;0;65,305;0;18,606;8,379;54,151;66,667;66,667;34,436;0;47,105
0615;Soure;16,12545587;1,26;21,11790057;0,574126409;0,122871687;1;71;100;0;43;30,47;0;46,783;0,009;4,039;0,001;47,983;66,667;51,497;44,291;6,672;37,279
0616;Tábua;25,18467583;2,43;23,68077388;-1,036799791;0;0;78;82;0;27;9,37;0;70,392;0;6,16;0,017;75;66,667;66,667;33,545;0;75,189
0617;Vila Nova de Poiares;21,06743738;1,42;21,7560903;0,726883066;0;0;46;100;44,4;44;5,65;0;76,375;0;14,928;0;58,748;66,667;66,667;37,404;0;46,498
0701;Alandroal;19,76708373;4,54;32,27278364;1,891485147;0;0;75;87;40;23;4,54;0;30,221;0;0,225;0;100;33,333;77,81;34,252;0;33,19
0702;Arraiolos;14,00934579;5,7;28,49249898;0,61901966;0;0;88;92;40,9;28;6,84;0;25,78;0;0,203;0;75;66,667;71,21;59,262;0;43,31
0703;Borba;16,09612626;4,15;16,59349649;-3,670575779;1,435185185;0;85;98;42,9;19;9,05;0;42,796;0;1,001;0;100;47,989;66,667;33,333;0;34,592
0704;Estremoz;15,15673289;4,36;21,13415558;-0,084799799;0;0;72;83;87,5;16;20,1;0;36,298;0;1,12;0;79,505;66,665;71,706;36,419;0;34,647
0705;Évora;11,74807481;6,93;34,89309367;4,959334219;2,82753069;1;87;91;28,7;36;80,43;0;26,963;0;0,057;0;77,529;65,913;97,895;45,448;0;40,882
0706;Montemor-o-Novo;15,88106012;4,03;27,88830522;1,540823014;0,611937488;2;75;77;51,9;30;39,73;0;24,902;0;0,27;0;59,877;60,621;67,155;67,597;0;50,122
0707;Mora;13,78391552;1,78;29,07606371;-0,88151498;1,428571429;1;93;96;50;10;3,86;0;23,125;0;0,213;0;75;66,667;66,667;43,613;0;33,333
0708;Mourão;14,83478261;10,86;27,91540209;1,744482924;0,104166667;0;90;90;60;13;2,07;0;19,644;0;0,096;0;100;33,332;100;33,676;0;32,848
0709;Portel;20,47412008;4,5;32,23979203;0,013078127;0;0;91;91;41,7;17;4,99;0;35,3;0;1,216;0;89,09;52,819;100;33,876;0;34,796
0710;Redondo;19,84589331;4,14;24,53261601;-6,275352121;3,050773589;2;93;92;62,5;17;5,46;0;30,978;0;0,957;0;95,956;59,167;96,949;33,934;0;34,358
0711;Reguengos de Monsaraz;17,41421393;18,93;24,98255369;3,76478554;0,592165199;0;100;100;54,5;28;8,41;0;23,02;0;0,209;0;100;33,333;100;33,339;0;33,333
0712;Vendas Novas;16,2304878;2,27;27,16501425;4,426313796;0,88550567;0;99;100;5,9;35;39,81;0;23,307;0;0,023;0;45,199;36,775;66,667;74,46;0;36,669
0713;Viana do Alentejo;15,60551724;3,93;28,69220824;0,076055036;0;0;100;87;44,4;20;4,46;0;24,357;0;0,515;0;68,299;66,667;82,942;41,161;0;35,317
0714;Vila Viçosa;14,34026174;3,14;20,62630034;3,775236511;1,35301353;0;98;98;0;28;6,46;0;34,496;0;0,677;0;100;33,333;66,667;33,745;0;33,978
0801;Albufeira;23,20902256;76,99;64,94515886;14,10093162;0,281347768;0;96;95;50;57;86,48;0;24,794;3,492;1,943;0;28,714;33,313;100;86,525;6,586;44,7
0802;Alcoutim;21,5705968;4,42;54,90246336;13,50697547;0;0;69;100;25;14;2,26;0;41,825;0;3,212;0;49,891;33,333;100;35,339;0;34,842
0803;Aljezur;28,91202873;95,3;53,34374168;12,9152005;0,744500846;0;54;98;5,6;41;4,57;0,233;56,222;4,367;6,308;0;33,763;33,347;66,992;98,186;3,105;44,494
0804;Castro Marim;22,62337662;21,34;50,79582618;8,183283052;0,937756418;0;84;97;9,4;50;14,89;0;40,482;8,046;2,848;0;32,664;33,333;100;46,99;0,28;40,276
0805;Faro;18,61816251;15,96;43,04267161;8,082319191;1,154508755;4;91;96;47,4;54;99,23;0,903;22,011;36,284;3,495;0;26,09;33,292;100;81,13;3,418;46,472
0806;Lagoa;20,42241379;91,1;47,79768176;7,806479115;0,820616182;0;93;100;30,4;55;36,79;2,698;26,217;9,248;0,166;0;25,547;33,338;100;86,08;8,298;38,438
0807;Lagos;21,56776034;94,6;59,56536606;14,80994568;1,541390547;0;94;100;15,6;59;44,59;0;44,593;7,445;2,324;0;39,626;33,328;89,942;96,398;3,567;34,989
0808;Loulé;22,04027778;52,14;61,49048051;14,26354054;0,591671772;1;82;82;2,7;50;120,5;0;47,93;2,858;7,904;0;43,108;33,321;100;73,97;2,798;54,146
0809;Monchique;24,62340037;4,68;29,59801965;-15,453602;0;0;81;60;90;34;4,69;0,006;85,965;0;23,454;0;50;33,333;99,317;98,525;0;44,043
0810;Olhão;20,66160221;22,12;44,09476978;9,915835647;2,95227525;0;78;96;45,9;49;63,54;0;22,201;30,062;2,086;0;25;33,333;100;81,721;2,805;49,11
0811;Portimão;21,14619883;48,27;61,42494812;21,42194286;1,392261955;1;98;98;1,2;56;87,03;1,807;45,645;14,445;2,165;0;35,793;33,319;100;91,251;13,856;32,894
0812;São Brás de Alportel;21,2503864;6,33;37,28842105;10,15817622;0,788834951;0;67;97;20,5;46;8,28;0;65,072;0;10,854;0;48,136;33,333;100;68,214;0;63,463
0813;Silves;21,9186747;26,22;48,84288355;12,34992309;0,330260906;1;74;89;36,6;48;72,1;0,177;50,328;1,165;6,907;0;46,75;33,409;100;81,841;0,954;34,685
0814;Tavira;25,23916533;39,82;63,37924849;18,93369778;2,385321101;1;79;85;41,8;54;36,59;0,222;58,478;4,609;8,832;0;35,68;33,333;100;70,346;1,027;55,326
0815;Vila do Bispo;23,01487603;95,61;48,44201778;3,786239408;0,474656721;0;96;96;47,7;50;4,08;0;46,996;4,263;2,672;0;33,206;33,336;66,667;93,439;3,111;58,162
0816;Vila Real de Santo António;23,66771654;25,01;57,90417024;14,23874419;2,32311036;0;99;100;11,1;54;26,65;0;31,216;24,438;0,17;0;25;33,332;100;67,783;14,058;60,895
0901;Aguiar da Beira;26,00483092;2,2;31,61139654;3,851270955;0,159140641;0;82;98;28,6;62;4,25;0;71,16;0;5,956;49,966;75;81,386;66,667;33,333;0;77,871
0902;Almeida;20,67799353;0,58;22,59414226;1,636705189;0,334156618;2;100;100;56,3;35;15,99;0;72,194;0;2,701;59,328;100;99,999;66,667;32,781;0;63,489
0903;Celorico da Beira;24,98100173;0;24,59949891;2,026295712;0,171499844;1;81;100;45,5;26;19,16;0;78,013;0;14,415;28,418;94,416;67,783;66,667;34,909;0;65,755
0904;Figueira de Castelo Rodrigo;28,10526316;6,55;26,63159626;1,504291606;0,340379792;0;100;100;0;18;4,86;0;70,639;0;8,239;29,671;100;99,999;66,667;35,737;0;50,355
0905;Fornos de Algodres;27,61594203;3,47;25,75516694;2,353695148;0,443896424;0;100;100;50;26;12,55;0;77,547;0;11,886;21,456;75,69;67,115;66,667;34,382;0;87,283
0906;Gouveia;24,84044944;3,68;19,35928051;-3,166530311;0,210268092;1;95;100;0;24;10,91;0;83,799;0;16,707;44,557;91,856;66,667;66,667;34,176;0;99,634
0907;Guarda;16,70128119;1,21;21,13487465;1,150826148;0,245933317;0;96;95;50;38;73,86;0;79,756;0;14,411;64,914;100;85,917;66,667;34,019;0;73,146
0908;Manteigas;24,12113402;15,94;24,85997085;1,929575257;1,443001443;0;93;93;75;31;2,66;0;85,996;0;39,392;84,145;100;66,667;66,667;37,614;0;100
0909;Mêda;30,72611465;0;26,51174207;1,702987062;0,351631178;0;98;100;50;36;4,04;0;70,085;0;8,476;31,444;78,803;100;66,667;34,67;0;36,862
0910;Pinhel;28,41458333;1,26;25,57625512;1,29629754;0,484496124;0;94;99;0;42;11,38;0;72,739;0;5,085;36,681;100;100;66,667;33,569;0;41,977
0911;Sabugal;23,69430052;0,87;20,91317749;-1,891603391;0;0;86;94;43,8;46;9,74;0;77,922;0;4,135;65,153;100;97,632;66,667;33,003;0;66,591
0912;Seia;23,03470716;10,09;20,70360571;-0,627603849;0,039367865;3;97;97;57,8;27;19,18;0;84,185;0;28,967;42,119;84,775;66,667;66,667;34,425;0;95,426
0913;Trancoso;27,10536779;2,47;16,19286104;-8,476894377;0,127684272;1;76;85;38,1;46;7,67;0;76,867;0;10,055;49,111;78,041;96,34;66,667;34,671;0;52,236
0914;Vila Nova de Foz Côa;30,44656489;0;14,7051796;-3,876490188;0;0;97;100;64,3;28;5,68;0;72,635;0;16,836;9,96;88,292;100;66,667;34,053;0;33,337
1001;Alcobaça;18,21288515;11,98;33,09995782;7,445162306;0,196106295;0;56;100;8;44;70,86;0;41,441;4,816;5,746;0;42,101;33,709;33,333;58,654;3,145;52,835
1002;Alvaiázere;24,45774648;2,94;21,28078818;-10,23400346;0,544402858;1;33;100;47,1;24;9,56;0;60,831;0;10,486;0,027;74,077;66,667;66,667;33,799;0;38,343
1003;Ansião;21,7744511;5,17;22,5486541;0,717834163;0,011636025;0;46;92;25,6;39;11,97;0;50,434;0;4,92;0,005;55,397;66,667;66,667;33,333;0;36,166
1004;Batalha;17,34314381;3,86;25,5878661;5,542308016;0,011899096;0;80;100;0;49;20,07;0;52,509;0;8,396;0,001;55,455;66,667;33,333;61,67;0;53,263
1005;Bombarral;23,06445993;5,15;28,44971818;4,233416305;0,262434391;0;96;100;14,8;34;36,42;0;32,646;0;2,778;0;49,037;33,333;33,333;72,834;0;66,747
1006;Caldas da Rainha;20,69565217;10,09;39,71412103;9,965739377;0,188083777;1;94;100;0;41;77;0;37,794;5,943;6,816;0;41,046;33,333;33,333;59,441;2,484;65,948
1007;Castanheira de Pêra;23,36193029;6,44;37,0785425;6,224602915;0,593251761;0;92;99;83,3;17;2,48;0;84,183;0;19,879;38,639;75;66,667;66,667;33,333;0;89,065
1008;Figueiró dos Vinhos;24,20092379;3,55;36,34285714;4,791264786;0,180433039;0;37;100;0;33;5,9;0;89,523;0;24,112;13,662;75;66,667;66,667;33,333;0;65,737
1009;Leiria;15,95803357;1,95;32,22878457;6,275493703;0,156721616;1;92;100;28;53;234,61;0;41,215;1,102;3,773;0;46,331;66,513;34,586;49,316;1,254;43,41
1010;Marinha Grande;15,58942632;5,44;26,8658086;5,822369077;1,26233647;1;100;99;10;41;36,2;0;57,413;5,296;0,064;0;31,788;66,287;33,333;63,497;2,694;62,965
1011;Nazaré;21,7465035;52,62;48,11077197;19,18787012;0,62193605;3;97;100;28,9;51;23,38;0;37,812;11,035;3,514;0;27,483;33,333;33,333;59,414;8,963;60,016
1012;Óbidos;20,23439878;45,45;37,4418505;8,566304015;0,13293453;0;87;99;4,3;49;32,76;0;35,428;12,861;3,605;0;31,344;33,333;33,333;55,141;6,565;79,105
1013;Pedrógão Grande;25,55575221;2,89;37,43623284;4,500062631;0,699105145;0;43;100;62,5;24;3,04;0;84,175;0;6,848;6,434;75;66,667;66,667;33,538;0;71,987
1014;Peniche;21,13343558;34,94;37,37676311;8,330700704;2,751997045;1;100;100;24,6;41;30,1;0;25,053;22,405;0,245;0;25;34,015;33,333;41,809;17,256;97,448
1015;Pombal;19,48548278;1,66;28,20090325;3,779087704;0,401570851;1;65;100;0;52;108,15;0,142;49,163;0,972;4,699;0,003;45,431;66,667;49,489;46,167;0,503;39,495
1016;Porto de Mós;17,0728022;4,23;24,56510824;5,106696394;0,053378069;0;59;100;29,4;31;20,14;0;61,209;0;13,139;0,152;54,797;47,855;33,333;67,191;0;59,56
1101;Alenquer;17,17241379;1,97;36,20776494;7,253045066;0,08105802;0;85;100;13,2;41;62,92;0,618;38,79;1,094;7,307;0;52,286;33,333;33,333;96,256;5,412;53,63
1102;Arruda dos Vinhos;15,07381776;0,77;34,08053613;9,37047696;1,031866464;1;100;98;0;41;15,62;0;43,454;0;9,91;0;47,035;33,333;33,333;100;0;66,684
1103;Azambuja;16,46002621;1,68;34,06848208;6,265753853;0,653266332;3;73;98;12,5;37;70,37;15,685;33,622;14,361;2,1;0;66,27;33,333;33,333;93,946;24,766;33,443
1104;Cadaval;21,48233216;5,06;28,65963484;3,722598166;0,101844517;0;91;100;4,5;25;11,05;0;46,364;0;7,754;0;53,736;33,333;33,333;69,045;0;62,818
1105;Cascais;16,48906174;14,07;72,08025812;24,51954239;2,512517234;0;100;100;1,1;49;347,44;0;26,302;3,315;4,183;0;25,001;33,333;33,333;76,123;3,233;76,23
1106;Lisboa;16,40495137;34,94;76,67685129;16,96650647;7,763135615;3;99;100;88,9;51;939,17;0,005;7,403;2,147;2,813;0;25;28,75;33,333;81,073;5,869;47,472
1107;Loures;16,95163807;1,22;55,76051735;14,4071587;2,522600607;32;100;100;3,1;45;492,61;4,927;37,537;1,39;15,798;0;36,006;33,323;33,333;98,961;8,839;60,399
1108;Lourinhã;22,44528875;16,07;33,37393209;4,927084548;0,749106834;0;100;100;26,3;47;23,24;0;33,629;3,816;1,841;0;33,304;33,333;33,333;67,308;3,906;87,311
1109;Mafra;16,44884115;15,88;43,21290709;11,6600967;0,276870652;2;89;100;14,1;49;139,75;0,031;42,831;1,545;18,71;0;40,426;33,333;33,333;74,918;1,524;76,87
1110;Oeiras;12,46414934;3,5;54,65693431;15,74963964;3,904164367;0;100;100;20,5;51;352,15;0;18,152;3,904;5,284;0;25;33,232;33,333;94,368;4,269;64,904
1111;Sintra;17,61023018;4,16;54,80487305;18,2341802;0,901021157;5;95;100;10,5;40;629,9;0;33,691;1,447;7,839;0;38,92;33,332;33,333;78,286;1,357;76,772
1112;Sobral de Monte Agraço;19,83888149;2,65;31,12546584;5,326277746;0;0;100;100;0;34;14,24;0;43,503;0;12,136;0;50;33,333;33,333;100;0;67,464
1113;Torres Vedras;20,18668596;3,07;42,28719276;9,032176339;0,156798657;3;94;99;0,6;47;132,99;1,627;35,098;3,329;6,056;0;42,529;33,333;33,333;75,186;3,82;73,04
1114;Vila Franca de Xira;14,04091816;0,9;45,52997347;15,20761646;1,70266484;0;100;100;7,6;51;298,97;9,667;16,493;44,478;4,808;0;31,931;33,318;33,333;83,714;69,356;46,577
1115;Amadora;19,03974563;1,39;66,52359405;20,5988193;3,425485434;0;100;100;0;41;321,53;0;18,632;0;6,15;0;27,42;33,333;33,333;100;0;58,797
1116;Odivelas;19,23870282;0,67;60,12;19,11323076;1,27930887;0;100;100;0,8;52;259,25;2,87;21,72;0,005;8,754;0;35,126;33,333;33,333;100;1,778;49,858
1201;Alter do Chão;16,53894737;4,09;22,67073703;-0,131604764;5,35483871;2;90;100;71,4;17;2,77;0;30,16;0;0,123;0;75;66,667;66,667;34,791;0;33,334
1202;Arronches;17,96701649;0;22,90212203;-1,721661212;3,346153846;0;86;78;66,7;11;2,46;0;37,961;0;0,527;0;98,915;34,857;66,667;34,725;0;36,177
1203;Avis;18,30195081;8,14;23,45671957;-1,533197939;0;1;81;81;100;14;3,55;0;23,546;0;0,181;0;75;66,667;66,667;34,844;0;33,333
1204;Campo Maior;15,81048642;1,1;15,55314361;-1,621168317;1,585127202;1;94;96;23,8;27;6,57;0;25,938;0;0,116;0;100;33,332;66,667;43,714;0;32,976
1205;Castelo de Vide;17,60603774;11,97;21,07317073;-1,648933172;0,993831391;2;83;87;88,9;15;2,65;0;57,942;0;2,608;0,597;82,029;66,667;66,667;33,262;0;40,694
1206;Crato;16,08503937;3,07;22,560868;0,150054227;0,955905026;0;88;92;76,9;18;2,88;0;40,275;0;0,07;0;75;66,667;66,667;33,343;0;33,453
1207;Elvas;18,23395722;5,79;25,33561644;1,209961988;2,211230724;0;86;86;15,4;29;34,5;0;32,586;0;0,416;0;100;33,333;66,667;34,865;0;38,305
1208;Fronteira;17,61983471;5,57;22,14440895;-1,683130381;3,42703119;0;98;98;100;13;2,65;0;25,587;0;0,139;0;75;66,667;66,667;33,333;0;33,333
1209;Gavião;17,88730159;1,89;22,29478199;-1,797117859;0,111731844;0;85;97;0;30;7,5;0;67,05;0;2,802;0;75;66,667;66,667;40,285;0;33,577
1210;Marvão;19,37851809;8,31;23,44790257;-1,585355949;0;4;71;75;0;15;2,73;0;63,013;0;9,858;0,827;92,21;66,667;66,667;33,038;0;61,13
1211;Monforte;18,26463878;1,23;22,28375957;-0,406994569;2,687060769;0;92;92;33,3;16;2,58;0;32,231;0;0,12;0;85,514;56,383;66,667;33,333;0;33,333
1212;Nisa;19,54256234;3,56;22,99159664;-0,044077412;0,054112554;1;94;98;50;19;5,78;0;60,201;0;3,652;0;77,438;66,667;66,667;35,304;0;33,303
1213;Ponte de Sor;23,23042506;5,72;27,84037631;-1,211589535;0,483412322;1;93;92;23,1;30;12,98;0;30,968;0;0,258;0;75;66,667;66,667;42,522;0;33,722
1214;Portalegre;15,29684211;2,86;19,73860974;-1,984017995;3,363319012;2;82;99;11,1;29;28,43;0;54,376;0;6,737;0,034;79,813;61,607;66,667;33,591;0;56,152
1215;Sousel;20,62700229;3,76;24,52846806;-0,671901659;1,375033702;2;99;100;50;14;3,94;0;24,24;0;0,408;0;75;66,667;66,667;33,333;0;33,394
1301;Amarante;30,67085202;2,87;27,69596827;1,449343605;0,845435331;1;77;92;24,3;52;93,51;0;65,65;0;28,681;17,635;74,514;100;33,333;33,333;0;55,095
1302;Baião;32,09081935;4,56;19,00409802;-6,111612875;0,049554014;0;41;82;35,3;38;15,93;0;76,217;0;39,83;29,814;66,743;90,528;33,333;33,333;0;62,869
1303;Felgueiras;24,472103;0;21,74543122;-1,476920844;0,730840669;4;44;90;4,3;42;84,99;0;45,96;0;12,981;0,991;75;100;33,333;33,333;0;51,916
1304;Gondomar;19,40315638;1,24;40,7163609;8,320236032;4,303431114;3;90;97;0;41;248,97;0;51,364;0;8,987;0;50;73,647;33,333;31,812;0;35,426
1305;Lousada;26,44618395;0,99;25,40767;4,655143106;1,407061267;0;86;89;17,5;51;77,79;0;46,251;0;8,333;1,023;57,552;100;33,333;33,333;0;45,317
1306;Maia;15,09859155;0,99;38,67380674;7,43623016;4,160693563;1;100;100;23,4;57;307,74;0;24,929;0;0,355;0;45,494;100;33,333;35,638;0;45,083
1307;Marco de Canaveses;31,68473896;2,44;27,27569775;2,470920539;0,328275752;0;51;54;7,7;45;63,28;0;60,348;0;25,677;5,401;53,38;87,626;33,333;33,333;0;43,458
1308;Matosinhos;16,03400121;3,7;52,75369399;12,49105203;5,351199535;3;99;100;23,6;54;361,61;0;12,514;13,677;0,261;0;27,03;90,455;33,333;37,805;4,833;60,48
1309;Paços de Ferreira;26,49595142;1,03;29,19675852;3,152694066;1,062650157;1;100;95;22,2;45;88,29;0;42,108;0;4,301;0,468;50;100;33,333;33,333;0;65,995
1310;Paredes;28,40804598;0,75;32,96915168;4,992741312;0,473663186;0;78;100;8,6;51;175,12;0;54,848;0;9,057;0,001;50;95,702;33,333;33,333;0;43,078
1311;Penafiel;26,65784114;1,55;29,24929798;3,55036408;0,849723124;2;86;99;32,6;46;121,91;0;56,991;0;13,862;0,323;50;95,08;33,333;33,333;0;44,316
1312;Porto;18,26096257;33,24;67,5072;22,51273845;10,594638;2;100;100;64,8;57;463,01;5,348;4,757;4,542;0,63;0;31,834;69,063;33,333;28,72;1,896;59,235
1313;Póvoa de Varzim;23,17348609;5,47;42,7157229;8,831713115;1,344809037;3;94;100;1,8;52;113,65;0;24,041;18,442;0,72;0;32,345;99,813;33,333;43,028;5,238;58,35
1314;Santo Tirso;18,53594771;0,58;25,92481203;2,329695989;1,72646256;1;79;92;18,8;33;106,29;0;48,874;0;10,46;0,012;50,504;100;33,333;33,333;0;45,269
1315;Valongo;18,00691563;0;39,86027812;8,724460492;2,796157428;0;98;99;6,7;46;187,77;0;55,829;0;8,415;0;50;100;33,333;33,333;0;40,607
1316;Vila do Conde;19,03244838;0;39,03127506;7,610236783;2,357140982;0;92;98;33,3;51;162,97;0;27,789;7,814;1,495;0;33,133;99,95;33,333;40,069;2,825;59,252
1317;Vila Nova de Gaia;18,41168659;0;48,31859106;13,0487956;2,461271693;2;88;90;16;49;654,52;1,66;24,081;4,33;2,2;0;33,691;66,632;33,333;37,832;1,955;55,096
1318;Trofa;18,42302158;0;35,3880811;8,453952608;0,782186337;2;97;96;18,2;46;106,17;0;47,287;0;3,768;0;50;100;33,333;36,392;0;40,229
1401;Abrantes;18,32791957;2,14;26,05329594;5,735610253;0,263769143;1;80;87;48,4;30;46,95;2,333;50,055;0;4,955;0;75;66,667;66,667;47,848;0;38,315
1402;Alcanena;18,64992826;1,38;23,71489706;3,945055035;1,086956522;4;94;100;0;36;49,98;0;49,517;0;7,52;0,093;75;56,776;34,313;68,825;0;45,132
1403;Almeirim;21,80673759;1,2;33,46523594;6,604696026;0,648284917;2;90;97;0;38;21,33;14,106;27,81;0,504;0,145;0;75;42,323;49,277;90,478;0,343;33,38
1404;Alpiarça;21,44618395;1,54;33,28306976;4,413713955;0,545634921;2;94;96;14,3;19;5,98;26,136;23,701;0;0,1;0;75;50,222;41,692;87,926;0;33,333
1405;Benavente;16,94457275;1,39;33,57422818;5,757345406;0,845539281;2;87;95;0;43;39,21;5,649;19,489;14,915;0,003;0;44,576;33,333;50,746;96,739;18,685;34,626
1406;Cartaxo;16,28012232;1,85;27,98833819;4,726516602;0,030323706;2;72;97;16;38;56,26;32,954;23,87;18,913;0,351;0;75;33,333;33,333;96,699;13,384;33,333
1407;Chamusca;19,76227898;1,92;23,00305764;3,743827868;1,580319322;2;82;95;44,4;28;7,86;5,762;42,904;0;1,825;0;75;66,667;66,212;63,816;0;33,474
1408;Constância;15,30385965;5,78;26,42235088;5,988065161;0,954979536;1;100;100;5,9;26;9,25;9,19;47,703;0;2,12;0;75;66,667;66,667;52,31;0;33,449
1409;Coruche;18,36531987;0,87;30,54980081;3,054387961;0,387659506;4;72;96;0;31;15,48;0;25,82;0;0,101;0;68,394;49,679;66,667;72,216;0,345;33,43
1410;Entroncamento;15,14708786;0,21;27,96939377;10,43264662;1,661742984;0;100;100;0;40;32,81;0,201;15,099;0;0;0;75;66,667;66,667;90,262;0;33,333
1411;Ferreira do Zêzere;22,24493927;5,03;28,77628919;2,503636131;0;0;29;98;60;27;9,51;0;60,808;0;11,488;0;75;66,667;66,667;33,333;0;49,104
1412;Golegã;15,91138273;7,51;30,42795478;7,682885122;1,510310775;5;99;99;0;19;4,59;53,58;19,835;0;0,116;0;75;66,667;60,435;89,087;0;33,333
1413;Mação;19,71275647;2,36;31,42053277;6,16827698;0;1;60;97;46,2;13;14,41;0;87,047;0;9,985;0,596;75;66,667;66,667;34,377;0;51,955
1414;Rio Maior;23,06937394;2,23;27,44650411;2,678777482;0,528227138;2;77;100;31,1;35;24,2;0;44,926;0;4,906;0;67,784;33,333;33,333;72,809;0;37,903
1415;Salvaterra de Magos;18,64066017;1,29;27,43998336;-0,625541588;0,544680851;2;79;98;2,1;42;25,15;10,221;28,614;8,141;0,125;0;70,176;33,333;42,552;99,438;8,463;33,333
1416;Santarém;18,69875;1,85;33,92843691;9,671460266;0,856506595;2;79;100;22;47;167,17;6,022;34,98;0,039;3,497;0;74,315;37,973;33,369;72,914;0,021;35,83
1417;Sardoal;19,43213988;4,41;31,90032666;6,958739916;2,422983731;1;87;100;50;50;3,06;0;71,551;0;9,204;0;75;66,667;66,667;33,774;0;58,611
1418;Tomar;19,64065855;0;33,23774217;6,990650762;0,577463719;1;56;100;0;30;57,76;1,425;49,908;0;2,557;0;75;66,667;66,667;38,763;0;37,8
1419;Torres Novas;15,89054054;0;27,73927114;5,113949012;0,420047733;1;69;98;29,3;35;58,9;1,061;37,718;0;4,608;0,03;75;66,667;63,832;72,282;0;35,788
1420;Vila Nova da Barquinha;12,57723077;0;21,30138248;3,24550302;1,470948762;1;84;100;12,9;43;16,42;5,696;49,076;0;2,714;0;75;66,667;66,667;58,199;0;33,4
1421;Ourém;19,89596167;6,5;33,85317546;8,530690249;0;1;49;100;0;35;64,99;0;55,715;0;6,587;0,113;69,806;66,667;65,122;45,411;0;44,106
1501;Alcácer do Sal;18,18023715;15,48;36,3889051;6,997218523;0,810692375;1;95;100;0;32;73,33;1,203;23,612;2,557;0,361;0;45,133;47,182;66,789;73,808;13,351;35,915
1502;Alcochete;13,94610778;2,47;41,6361991;13,23701034;0,83686805;1;95;98;10;55;74,31;0;12,96;29,472;0;0;29,76;33,332;52,191;72,636;61,07;27,488
1503;Almada;17,34376577;9,82;59,02727622;20,16087946;4,723043762;7;100;100;0;44;317,77;0;16,707;14,127;5,803;0;25;33,333;33,333;94,864;15,72;38,539
1504;Barreiro;15,97935904;1,25;50,76056338;20,77429336;0,992248062;2;99;100;30,3;42;138,64;0;18,241;18,224;0,122;0;25;28,902;47,992;84,629;40,191;28,373
1505;Grândola;19,99865501;24,26;47,31185337;18,07877066;1,279317697;2;85;82;14,4;39;39,02;0;28,871;4,863;0,323;0;42,878;45,984;66,667;77,478;5,917;40,75
1506;Moita;17,55218855;0,68;48,91827263;19,23944549;2,579153326;0;98;100;0;35;108,31;0;12,735;25,578;0;0;25;33,333;50,945;82,775;55,5;27,282
1507;Montijo;19,29530917;1,9;50,31852055;19,22036451;2,05535661;1;86;97;15;55;120,15;0;23,558;2,788;0,004;0;45,309;33,291;64,184;87,136;8,184;32,878
1508;Palmela;16,46256983;2,62;38,16740088;8,727603259;0,090249992;2;83;100;16;50;168,58;0,043;21,867;0,939;1,105;0;37,719;33,156;66,667;95,389;8,248;36,703
1509;Santiago do Cacém;15,43502135;6,02;36,89219051;9,710168034;0,816348597;2;63;88;9,8;41;26,88;0,314;25,73;1,328;0,452;0;45,76;54,488;66,667;66,131;1,241;39,987
1510;Seixal;16,26680244;2,92;47,1761194;15,85965618;0,954400848;4;98;100;0;47;291,79;0;21,451;8,699;0;0;25,055;33,324;38,342;90,88;23,675;31,106
1511;Sesimbra;16,09342749;15,3;40,79189621;10,677053;0,982915258;1;97;99;0;45;57,97;0;36,178;3,394;2,835;0;26,028;33,294;60,995;96,241;4,496;40,415
1512;Setúbal;16,84774536;7,36;48,28171827;18,68141373;3,687877226;1;98;99;8,2;46;155,79;0,277;21,296;21,675;7,838;0;27,243;24,892;66,667;77,037;40,467;32,605
1513;Sines;15,37534858;14,54;50,41603565;17,95892888;4,092071611;2;91;93;10,8;51;18,02;0;28,346;6,719;0,436;0;25;33,237;66,667;90,083;6,361;55,671
1601;Arcos de Valdevez;31,24927815;5,8;28,9796056;3,123519517;0,561829004;0;34;93;46,6;50;20,94;0,318;76,92;0;43,479;30,787;92,769;100;33,333;33,712;0;69,093
1602;Caminha;24,97959184;23,29;30,13731694;-0,211375712;0,133034589;1;83;99;6,1;41;23,43;0;64,35;6,161;16,861;1,218;42,456;99,941;33,333;33,731;9,567;74,835
1603;Melgaço;28,06329114;0;25,66059723;-4,241867373;0,226472068;1;70;87;55,6;43;7,15;0;81,966;0;33,424;62,101;100;99,999;33,333;32,314;0;73,726
1604;Monção;26,57283465;2,99;30,92267756;4,336685023;0,932417781;1;49;100;26,8;63;16,98;0;64,722;0;24,498;8,893;99,281;100;33,333;36,922;0;60,974
1605;Paredes de Coura;28,12815126;12,4;21,80186916;0,099458183;0,015701052;1;92;100;9,1;42;13,05;0;68,225;0;14,38;7,261;75,354;100;33,333;34,15;0;82,295
1606;Ponte da Barca;31,91397849;3,56;24,34317624;1,969072194;1,552238806;0;86;99;43,5;46;11,9;0,436;77,342;0;42,311;23,429;86,348;100;33,333;33,122;0;59,961
1607;Ponte de Lima;25,85842294;6,48;32,57509941;6,95028281;0,837654567;2;52;98;19;59;76,08;0,777;57,823;0;20,703;1,01;62,543;100;33,333;36,436;2,299;55,549
1608;Valença;23,84412955;0;28,9616464;3,262050219;1,113480218;2;69;100;10,3;49;24,12;0;58,199;0,568;16,964;0,932;75,035;100;33,333;39,768;1,904;65,125
1609;Viana do Castelo;19,63800277;0;36,51111707;8,566862538;0,906536497;4;78;98;24,4;55;142,81;0;53,677;7,131;13,8;0,581;37,827;99,862;33,333;38,676;6,938;64,976
1610;Vila Nova de Cerveira;23,14237288;0;23,7510034;1,702903528;1,01416613;1;61;100;20,8;54;12,6;0;64,204;1,748;17,095;0,174;60,992;100;33,333;34,017;4,82;71,018
1701;Alijó;33,2737069;5,1;28,39330544;-1,357053241;1,608187135;0;95;100;37,5;22;19,18;0;72,509;0;20,032;32,339;75;100;63,054;33,333;0;44,42
1702;Boticas;34,48874598;0,9;31,35453184;1,725754864;0;1;79;95;0;41;4,46;0;82,655;0;19,994;57,721;89,446;100;33,333;33,998;0;64,162
1703;Chaves;27,53765324;2,27;29,79310344;2,875571368;0,883877927;1;88;100;3,6;47;49,09;0,891;68,817;0;10,956;32,521;97,76;100;33,333;36,628;0;58,594
1704;Mesão Frio;33,29510155;8,34;27,72861156;-0,833371912;0,167434073;0;86;100;87,5;47;3,44;0;60,948;0;34,244;9,193;75;100;33,333;35,828;0;40,726
1705;Mondim de Basto;32,26260704;11,81;35,22009019;3,679569383;0,91423596;1;24;97;3,8;44;7,3;0;76,717;0;33,686;32,695;75;100;33,333;33,333;0;66,271
1706;Montalegre;36,20977597;5,31;31,59105431;2,666320614;0,19101328;0;49;100;0;31;8,18;0;80,688;0;18,924;80,69;95,801;99,999;33,333;33,143;0;80,029
1707;Murça;34,10631229;1,53;27,11688312;-1,84738181;1,595120807;0;91;100;25;40;12,12;0;74,36;0;17,567;31,107;75;100;58,954;33,333;0;49,926
1708;Peso da Régua;26,95116773;9,48;27,96072578;-0,818024091;3,602933362;0;85;100;59,4;50;23,78;2,439;61,275;0;25,326;16,287;75;100;38,863;34,011;0;42,34
1709;Ribeira de Pena;35,21550095;1,03;31,36281938;2,679824609;0,734272673;0;58;98;14,3;23;10,95;0;78,816;0;31,319;41,556;75;100;33,333;33,338;0;61,732
1710;Sabrosa;27,51467269;3,63;26,3108239;-1,445115866;1,180541421;0;75;100;61,5;47;6,29;0;70,814;0;18,725;30,578;75;100;58,092;33,333;0;47,383
1711;Santa Marta de Penaguião;37,23809524;3,15;29,43502621;-1,622387672;1,454394349;0;100;100;20;25;6,77;0;63,035;0;29,881;16,633;75;100;33,333;35,104;0;45,59
1712;Valpaços;38,14754098;0;22,38461538;-0,858719979;0,289603244;0;98;98;6,7;44;13,11;0;67,494;0;10,095;33,024;83,289;100;45,598;33,376;0;61,845
1713;Vila Pouca de Aguiar;32,17759839;0;23,99395922;-3,456243568;0,242154204;0;100;100;10;45;26,07;0;77,579;0;15,932;63,035;75;100;33,333;34,997;0;70,216
1714;Vila Real;21,01232877;0;26,27709905;1,396156899;1,988376649;6;77;100;0;57;97,53;0;71,812;0;17,771;48,717;75;100;33,904;34,905;0;62,837
1801;Armamar;32,38785504;6,72;28,52758802;0,765454806;0,041034058;0;81;100;16,7;57;4,89;0;69,192;0;23,391;36,232;75;100;66,114;33,333;0;55,599
1802;Carregal do Sal;22,43304348;0,52;21,26538294;1,916399539;0,754884547;1;78;100;53,3;33;7,64;0;69,025;0;6,795;0;75;66,667;66,667;33,333;0;58,936
1803;Castro Daire;31,81124072;3,3;25,40749454;3,408641459;0,069198831;0;67;95;26,5;51;22,17;0;82,55;0;23,497;50,842;61,795;67,392;50,701;33,83;0;73,551
1804;Cinfães;38,12406948;1,21;26,99505223;2,557192546;0,237510238;5;34;53;38,5;34;17,72;0;79,787;0;41,938;40,306;50;66,667;33,333;33,433;0;69,161
1805;Lamego;28,6124498;2,75;23,04361469;1,44809509;0,506827261;0;85;95;51,1;55;38,61;1,269;69,135;0;28,912;41,918;75;96,115;37,461;34,164;0;63,74
1806;Mangualde;21,17488076;1,56;21,94061028;3,507564435;0,779241019;0;81;96;7,8;31;36,88;0;73,038;0;7,894;14,227;75;66,667;66,667;33,333;0;77,949
1807;Moimenta da Beira;29,41603053;0,82;21,27024219;-4,526150094;0,492362075;0;85;100;27,5;47;9,6;0;72,168;0;8,136;62,327;75;98,043;66,667;33,333;0;78,017
1808;Mortágua;22,01330798;1,88;19,63779873;0,168806859;0,940642232;1;85;100;35,5;48;7,46;0;66,407;0;11,298;1,951;50,352;66,667;62,502;35,917;0;47,831
1809;Nelas;20,91401869;4,34;20,46331722;1,178688125;0,513278286;0;90;90;35,3;39;10,9;0;63,315;0;6,451;0;75;66,667;66,667;33,333;0;38,147
1810;Oliveira de Frades;20,27324478;4,31;25,6854804;4,304245924;0,406160095;0;42;94;22,2;39;14,28;0;71,088;0;20,373;10,85;50;66,667;35,559;33,594;0;60,976
1811;Penalva do Castelo;29,31588785;1,24;31,00557379;2,597305604;0,473352034;0;97;97;42,9;37;6,18;0;69,326;0;10,748;19,893;75;66,667;66,667;33,333;0;82,481
1812;Penedono;27,92351816;0,86;25,38411903;-0,729118933;0;0;92;100;0;33;2,29;0;77,341;0;7,359;67,962;75;100;66,667;33,333;0;61,39
1813;Resende;40,34218289;39,77;24,57663629;-3,792215138;0;0;74;88;27,3;30;8,82;0;77,591;0;47,96;48,352;64,014;81,97;33,333;34,51;0;70,888
1814;Santa Comba Dão;22,94899818;2,48;24,18869866;1,274630222;1,625792229;0;81;100;25,9;50;9;0;64,323;0;4,215;0;73,783;66,667;66,667;33,333;0;58,741
1815;São João da Pesqueira;32,77904762;4,07;27,90200446;-1,848354225;0,767888307;0;89;100;23,1;27;6,11;0;67,358;0;22,633;23,025;75;100;66,667;33,333;0;36,949
1816;São Pedro do Sul;25,89057239;11,24;34,20182341;9,169882381;0;1;44;72;0;35;13,29;0;78,678;0;27,823;23,904;50;66,667;40,761;34,264;0;57,367
1817;Sátão;28,48192771;0,91;18,0962857;2,349992452;0,104766894;0;100;100;0;21;9,66;0;67,204;0;5,723;39,105;75;67,532;66,667;33,333;0;75,86
1818;Sernancelhe;31,20162602;3,54;27,7427817;-0,904696998;0;5;75;91;11,1;47;4,4;0;76,618;0;7,764;55,6;75;99,984;66,667;33,333;0;69,778
1819;Tabuaço;34,35407725;3,18;27,48063781;-1,9564851;0,387685291;0;100;100;12,5;38;4,93;0;74,421;0;29,982;35,078;75;100;66,667;33,333;0;49,002
1820;Tarouca;29,99808061;3,15;26,4282353;6,90333437;0,33675433;0;99;100;18,8;64;6,25;0;76,948;0;20,736;60,211;75;96,26;66,66;33,333;0;74,555
1821;Tondela;21,38765009;0;26,63595505;1,924524043;0,185894547;0;79;85;0;40;25,45;0;69,936;0;14,989;12,182;59,528;66,667;61,712;33,818;0;57,118
1822;Vila Nova de Paiva;28,72351885;0;32,16730038;4,267016379;0,666380052;0;98;99;45,5;69;4,02;0;83,61;0;3,451;65,726;75;69,403;66,667;33,333;0;82,188
1823;Viseu;18,68322148;0;28,91573527;5,710846229;0,749212067;0;96;98;18,5;56;143,39;0;61,538;0;7,133;14,987;66,142;66,667;66,667;33,338;0;50,677
1824;Vouzela;22,01330798;0;22,89584101;-3,462898932;0,192279249;0;47;89;0;48;30,36;0;75,476;0;19,64;27,238;50;66,667;50,474;34,411;0;68,939
3101;Calheta (R.A.M.);28,61551433;0;38,35317073;-8,94777537;0,768211921;12;5;100;0;38;9,45;;;;;;;;;;;
3102;Câmara de Lobos;23,43911439;0;39,54154728;4,574052058;6,613093483;0;59.5;100;3,1;31;47,22;;;;;;;;;;;
3103;Funchal;16,65229722;0;55,15253574;13,86853672;6,487568956;1;96;100;46,7;56;151,77;;;;;;;;;;;
3104;Machico;21,4521576;0;32,96410856;2,145742198;2,902508091;2;41.6;100;35,3;44;27,16;;;;;;;;;;;
3105;Ponta do Sol;27,72644377;0;58,24797667;10,12338225;0,040966817;0;57.8;100;37,8;44;6,88;;;;;;;;;;;
3106;Porto Moniz;19,3454075;0;50,16813049;10,07080689;2,42814668;0;85;100;;31;2,1;;;;;;;;;;;
3107;Ribeira Brava;24,04285714;0;55,97822196;11,20462567;0,30403938;0;25.9;100;;35;16,86;;;;;;;;;;;
3108;Santa Cruz;15,96518607;0;43,15705766;11,95258766;2,944507361;0;80;100;27,8;32;53,6;;;;;;;;;;;
3109;Santana;25,65820643;0;57,85466236;8,676943528;1,651560926;0;5.2;99;0;26;5,99;;;;;;;;;;;
3110;São Vicente;26,98974359;0;59,17710903;12,25524886;0,420609884;0;8.8;99;20;37;4,44;;;;;;;;;;;
3201;Porto Santo;13,98189563;0;42,92687581;7,885136964;1,122082585;0;93.7;100;8,3;57;4,26;;;;;;;;;;;
4101;Vila do Porto;17,0779298;0;27,45293073;0,971338339;0,142166619;0;;;30;;4,31;;;;;;;;;;;
4201;Lagoa (R.A.A.);25,47746479;0;29,9198056;-3,169936666;3,728748068;0;;;30,2;;15,46;;;;;;;;;;;
4202;Nordeste;29,87692308;0;34,15550826;0,94676074;1,826484018;0;;;66,7;;3,83;;;;;;;;;;;
4203;Ponta Delgada;15,58938724;0;30,78639152;3,935468664;1,653930702;0;100;97;26,8;;73,52;;;;;;;;;;;
4204;Povoação;30,89868668;0;35,08297604;-0,042257606;1,99382196;0;;;6,3;;4,91;;;;;;;;;;;
4205;Ribeira Grande;25,03044872;0;24,80227853;-2,727786228;5,877268799;0;;96;31,3;;34,06;;;;;;;;;;;
4206;Vila Franca do Campo;32,84275618;0;34,96246649;1,144898161;4,320691311;0;;100;31,3;;9,55;;;;;;;;;;;
4301;Angra do Heroísmo;16,11713396;0;25,81593132;2,12837205;3,136851578;0;;;0;;37,54;;;;;;;;;;;
4302;Vila da Praia da Vitória;16,67854785;0;31,82918149;2,714627266;2,330617717;0;100;100;41,5;;18,5;;;;;;;;;;;
4401;Santa Cruz da Graciosa;21,64963504;0;30,97854652;1,066887146;2,03870076;0;;;58,8;;3,41;;;;;;;;;;;
4501;Calheta (R.A.A.);22,68210863;0;31,83886473;-0,821574114;0,081766149;0;;;66,7;;2,93;;;;;;;;;;;
4502;Velas;20,43289474;0;25,75317525;-3,466649821;0,432098765;0;;;23,1;;4,19;;;;;;;;;;;
4601;Lajes do Pico;18,77414449;0;30,15260116;1,986605848;0,156054931;0;;;40;;3,66;;;;;;;;;;;
4602;Madalena;15,96226415;0;47,40584146;7,593330445;0,17366136;0;;;16,2;;4,7;;;;;;;;;;;
4603;São Roque do Pico;19,11921296;0;30,21372719;0,948397236;0,17905103;0;;;38,1;;2,63;;;;;;;;;;;
4701;Horta;14,94477791;0;22,65919196;3,61266272;1,148942133;2;100;100;44,4;;15,19;;;;;;;;;;;
4801;Lajes das Flores;19,20516129;0;28,76426799;2,618785745;0,197628458;0;;99;0;;1,17;;;;;;;;;;;
4802;Santa Cruz das Flores;19,20516129;0;28,76426799;2,618785745;0,766609881;0;;;0;;1,78;;;;;;;;;;;
4901;Corvo;19,20516129;0;28,76426799;2,618785745;0;0;;;0;;0,33;;;;;;;;;;;