municipality_code,municipality_name,taxa_crescimento_efetivo,taxa_bruta_natalidade,prop_pop_65_mais,prop_ensino_secundario,prop_nacionalidade_estrangeira,densidade_populacional,empresas_volume_negocios,percentagem_poder_compra,coeficiente_gini,disparidade_ganho_mensal,taxa_desemprego,prop_risco_pobreza,prop_agregados_unipessoais,prop_edificios_fora_urbano,prop_mais_20min_escola,prop_mais_30min_hospital,duracao_pendulares,acessos_internet_banda_larga,valor_mediano_vendas_m2,racio_vendas_estrangeiros,taxa_esforco_arrendamento,prop_alojamentos_arrendados,prop_alojamentos_sobrelotados,prop_habitacao_social,prop_alojamentos_locais,indice_envelhecimento_edificios,prop_necessidade_reparacao,prop_reabilitacao_edificado,prop_alojamentos_vagos,prop_vagos_bom_estado,prop_alojamentos_nao_classicos,certificacao_energetica_cf,consumo_energia_eletrica,emissoes_gee_edificios,prop_sem_aquecimento,prop_ar_condicionado,emissoes_gee_transportes,prop_modo_pedonal,prop_transporte_coletivo,risco_incendio_rural,risco_inundacao,risco_galgamentos_costeiros,risco_ondas_calor,risco_ondas_frio,risco_nevao,risco_seca,risco_sismo,risco_movimento_massa,risco_tsunami
0101,Águeda,1.07,7.3,25.71,38.47,0.103,142.4,358122.9,0.397,42.9,10.5,4.57,18.48844376,20.8,1,82.87,0,14.74,40.03,990,1,30.55485305,0.0434,9.04769893194654,0.32785452,1.51,636.7,16.44,1.4,12.6,56.61412,0.02,59.7977244,1328.3,10.75,19.71,11.79332327,65.64,8.7,5.9,59.749,0.44,0,47.228,66.667,0.763,33.341,44.217,10.729,1.069
0102,Albergaria-a-Velha,1.51,6.8,22.81,38.82,0.076,164.8,470233,0.207,39.5,10.5,4.92,18.67271458,20.32,2.6,68.49,0,15.99,38.37,1184,1,28.59790812,0.043,10.7357512953367,0.63992124,3.58,840.6,13.38,0,11.4,56.30252,0,53.10173697,1258.7,5.39,21.34,13.43005181,68.63,10.2,7.3,47.401,3.999,7.93,28.798,66.667,0,33.333,42.363,5.269,8.501
0103,Anadia,1.08,6.2,29.46,38.17,0.084,131.6,219396.3,0.218,43.1,7.8,4.33,20.77777778,23.24,2.5,83.12,0,16.06,40.28,776,1,27.73606662,0.0256,6.94624053205246,0.114996956,3.51,1137.3,19.29,20,15.5,47.63339,0.11,64.63963964,1416.7,6.51,19.43,9.606502863,47.29,8.6,7.5,44.001,0,0,50,66.667,0.001,33.333,51.588,4.86,0
0104,Arouca,-0.43,6.2,23.79,31.66,0.025,63.3,291594.3,0.148,39.5,7.7,4.83,26.15665236,17.43,15,77.78,21,18.41,32.92,1017,1,30.26373626,0.0578,11.963674651224,0.21812233,5.86,523.3,16.72,25.9,10.1,47.73736,0.04,27.42474916,1312.2,4.46,19.85,11.71360884,20.68,12,11.6,82.112,0,0,50,66.667,14.741,33.333,33.333,29.526,0
0105,Aveiro,2.43,7.4,21.01,54.45,0.158,446.2,366032.6,0.953,45.7,12.1,5.7,15.51187905,25.29,2,55.42,0,16.18,46.87,2096,1,39.41397913,0.0577,11.3201229720269,2.175824176,9.1,598.5,8.94,12.6,10.9,69.41075,0.24,39.05053599,1259.1,30.74,25.4,7.414847959,152.28,14.9,7.8,19.528,14.495,33.043,25,66.63,0,33.333,56.134,0.092,30.441
0106,Castelo de Paiva,-0.34,5.6,20.86,30.16,0.028,133.9,173193.8,0.103,36.9,7.3,7.06,28.10268949,15.53,24.8,100,41,22.52,32.92,886,1,25.3540856,0.0362,11.9293865905848,0.542184607,1.55,794.2,14.91,40,12.9,60.79027,0,42.67782427,1216.7,3.5,22.56,20.91654779,17.75,11.2,20,74.567,0,0,50,66.667,0.203,33.333,33.333,27.953,0
0107,Espinho,1.05,4.9,28.26,42.78,0.055,1554.4,161652.4,0.306,44.5,8.7,10.07,18.82255846,24.04,2.1,30.5,1,19.23,42.56,2558,1,40.24555735,0.0841,13.3829889476213,4.900101163,5.8,935.3,18.77,14,10.1,60.57811,0.02,38.10848401,1284.1,6.67,37.38,4.717283357,59.97,22,13.5,19.892,0,22.403,25,66.667,0,33.333,54.109,0.031,12.314
0108,Estarreja,1.38,7,24.39,37.03,0.064,254,740189.5,0.219,41,12.5,6.24,20.12727273,19.9,7.6,78.46,0,17.04,37.39,1071,1,27.99676637,0.0723,10.5855855855855,0.378787879,1.06,654.1,19.29,7.1,14.4,51.38741,0.63,62.42236025,1244.9,7.8,26.92,8.548321048,88.51,10.6,9.6,25.444,10.48,27.229,25,66.667,0,33.333,56.683,0.344,21.056
0109,Santa Maria da Feira,0.52,7.1,20.95,39.45,0.033,651.1,307660.6,1.17,41.6,7.6,7.71,19.89283019,17.55,1.9,76.1,0,17.08,39.28,1327,1,30.46730529,0.0547,12.4685830977065,1.284644134,0.75,586.9,15.74,0,9.3,54.2405,0.08,57.95454545,1279,11.59,28.72,15.12331134,269.77,9.5,8.9,38.305,0,0,40.526,66.667,0,33.333,34.863,3.697,0
0110,Ílhavo,2.53,6.8,21.52,46.54,0.094,588.1,738642.8,0.347,44.1,13.9,6.34,17.5045977,23.16,3.6,54.91,1,15.57,44.77,1706,1,37.57242439,0.0337,10.3594897564746,0.205104831,7.61,618.7,13.08,10.4,9.8,58.42799,0.82,42.47881356,1280.9,11.77,25.9,5.985053472,59.92,9.5,5.4,17.2,8.508,56.223,25,66.664,0,33.333,55.677,0,33.717
0111,Mealhada,1.19,5.9,25.99,42.44,0.052,180.9,491325.5,0.166,40.8,11.3,4.81,17.51068229,21.77,2.1,93.38,0,17.35,40.18,984,1,23.68573824,0.0444,6.21321124918247,0.3658067,2.42,735.6,15.48,25,15.1,55.23627,0.07,54.85893417,1254.9,4.86,17.17,11.06605625,34.35,10.6,10.8,41.972,0,0,50,66.667,0.024,38.023,45.993,5.804,0
0112,Murtosa,2.89,7.2,24.66,32.37,0.043,155.4,102984.9,0.075,43.4,7.7,5.06,27.0765625,23.45,5.4,62.36,2,18.99,38.11,1117,1,32.03475994,0.112,10.647233201581,1.731319969,6.24,1107.5,8.24,37,6.9,60.52142,0.01,61.36363636,1490.6,1.99,30.34,4.718379447,9.06,11.2,9.9,18.082,19.037,67.444,25,66.667,0,33.333,47.398,0,55.977
0113,Oliveira de Azeméis,0.29,6.4,23.07,35.91,0.049,418.8,380618.2,0.538,40.3,12.5,6.06,18.09480813,17.9,2,59.86,0,14.41,38.76,1111,1,25.48240559,0.0658,10.2273640234594,0.168050613,0.51,822.3,17.31,15,11.5,47.95571,0,37.81278962,1397.5,16.51,23.03,21.9570981,85.38,12.9,5.2,44.224,0,0,40.497,66.667,0.098,33.333,35.88,8.448,0
0114,Oliveira do Bairro,2.85,7.4,23.55,41.77,0.104,295.2,398457.3,0.198,40.1,11,4.59,19.00483092,20.11,3.1,77.31,0,16.21,37.82,1130,1,28.17583919,0.042,9.21478060046189,0.044216484,1.09,656.2,17.91,7.3,12.5,48,0.8,49.14529915,1286.2,4.45,20.83,10.81986143,38.33,8.7,7.1,29.334,0,0,34.74,66.667,0,33.333,65.251,0.202,0.999
0115,Ovar,1.65,7.2,21.47,43.36,0.049,390.5,498648.8,0.476,42.4,9.4,7.12,18.18360196,19.66,3.9,65.85,1,18.24,42.47,1515,1,32.83827119,0.0673,11.8964444657127,0.933422904,7.75,726.2,11.95,1,8,55.21151,0.05,51.02586976,1289.3,33.45,30.17,7.077570943,112.42,12.2,10.1,26.149,4.105,24.98,25.01,66.658,0,33.333,56.721,0.036,14.206
0116,São João da Madeira,1.6,5.9,22.16,44.95,0.106,3053.8,504368.6,0.25,43.7,8.4,8.73,18.1858006,22.31,0.2,0.54,0,15.4,43.57,1288,1,32.00901535,0.1334,10.8054138007543,6.24688652,1.42,1166.7,10.02,36.4,9.2,65.64103,0,60.21505376,1130.5,5.42,32.48,13.7009097,29.45,22.1,4.9,13.087,0,0,50,66.667,0,33.333,33.333,0.221,0
0117,Sever do Vouga,0.72,7.8,29.46,35.45,0.084,84.9,293671.8,0.083,39.4,11.3,3.43,21.59031657,23.03,3.5,86.95,25,17.18,37.24,703,1,20.72812701,0.0549,7.6888489208633,0.264182425,3.66,718.1,12.68,38.1,16.6,57.54237,0,54.49438202,1449.8,2.32,15.24,16.29946043,17.95,9,10.8,69.484,0,0,50,66.667,1.258,33.333,33.434,23.449,0
0118,Vagos,2.88,7.8,24.07,37.59,0.09,152.6,377049.1,0.184,41.3,8.8,5.01,22.72434916,21.93,2.8,84,0,17.41,39.5,1399,1,32.20374876,0.0506,8.86032365430965,0.319683361,3.93,270.8,17.07,0,10,51.57658,0.16,38.00383877,1418.4,6.23,21.35,5.658211867,33.82,7.3,9.5,38.976,1.512,12.662,25,66.667,0,33.333,65.434,0.121,7.365
0119,Vale de Cambra,-0.06,6.8,28.18,35.93,0.059,144.2,339822.9,0.173,40.5,11.4,4.21,18.86602871,20.61,7.9,73.44,4,15.76,39.17,1101,1,29.10658942,0.0163,8.4125475285171,0.025150905,2.23,762.9,14.68,13.7,12.1,51.66898,0.02,41.31736527,1305.3,5.38,16.28,26.52091255,25.02,11,6.9,70.704,0,0,50,66.667,9.248,33.333,34.026,27.435,0
0201,Aljustrel,0.01,8.3,28.63,33.47,0.07,19.5,458737.4,0.073,40.6,14,6.44,14.12129964,27.35,3.9,54.83,16,16.11,40.76,619,1,27.70829673,0.0571,9.8086769064942,0.508733254,1.29,1134.7,14.09,0,17,63.12625,0.64,78.98089172,1429.6,2.4,15.71,35.56992724,27.71,24.7,11.4,22.519,0,0,74.05,66.667,0,86.559,37.508,0.061,0
0202,Almodôvar,-0.63,6,32.63,31.89,0.098,8.6,98525.32,0.052,43.2,5.9,6.07,22,29.29,30.3,60.75,99,16.42,38.05,618,1,29.43675246,0.0286,10.1182197496522,0.177085178,3.43,1659,11.08,27.3,15.3,70.91121,0.01,60.50420168,1614.6,1.52,16.27,33.13630042,28.74,31.6,13,41.781,0,0,59.324,41.107,0,100,55.725,3.138,0
0203,Alvito,1.05,9.6,30.04,34.7,0.059,8.7,164703.8,0.017,42.6,13,7.23,19.35273243,27.64,20,100,69,17.09,42.38,764,1,29.24805532,0.1704,7.89473684210526,1.697792869,7.48,3057.9,22.3,50,25.4,51.46067,1.01,67.9245283,1707.9,0.43,25,25.76754386,1.94,31.4,16.9,21.986,0,0,75,66.667,0,99.479,33.995,0.091,0
0204,Barrancos,-1.05,6.3,27.47,37.25,0.023,8.4,160344.2,0.009,42.6,2.9,9.32,19.35273243,28.05,9.7,100,100,16.59,33.04,688,1,29.24805532,0.0189,7.34557595993322,0.616808019,4.22,2471.4,4.69,100,11.3,79.86111,0,86.36363636,1310,0.2,17.53,40.23372287,1.42,42.1,6.6,36.336,0,0,100,33.331,0,100,32.859,2.835,0
0205,Beja,0.34,8.9,23.54,47.79,0.202,29.6,305694.2,0.322,44.9,4.2,5.83,16.94277286,27.69,10.5,42.11,0,14.65,45.13,935,1,33.04315097,0.0654,10.4151223128243,1.758338639,2.75,3315.1,12.54,6.7,14.9,70.69597,0.81,73.07086614,1410,8.66,15.92,38.96219422,34.29,24.9,8.4,22.315,0,0,75.071,57.072,0,100,34.727,0.181,0
0206,Castro Verde,-0.27,7.9,26.98,39.48,0.062,12.2,574937,0.069,42.1,19.9,6.03,13.21020521,26.73,8,39.79,91,15.72,40.66,819,1,25.35657686,0.0822,8.11001410437235,0.99938813,2.8,1047.4,8.08,4.8,17.6,71.59488,0.25,63.71681416,1490.1,2.2,17.24,36.56558533,18.11,29.3,11.3,24.675,0,0,75,59.93,0,100,33.663,0.038,0
0207,Cuba,-0.04,8.3,26.71,37.68,0.096,26,103164.5,0.032,43.1,4.4,6.75,19.28484848,25.39,9.3,100,3,16.42,42.3,643,1,29.5718031,0.1781,8.29924021040327,2.009377093,6.35,2368.4,7.65,16,19.3,76.35727,0.62,81.96721311,1473.3,0.9,17.3,30.62536528,3.79,24,12,23.21,0,0,75,66.667,0,100,34.476,0.035,0
0208,Ferreira do Alentejo,-0.13,7.5,29.13,32.35,0.299,12.2,390708.5,0.057,41.7,5,7.53,23.70934256,28.99,14.7,56.51,11,17.05,39.51,539,1,29.06763036,0.0082,10.2498398462524,0,5.53,2388.2,6.48,0,21.2,78.72531,0.01,89.18918919,1448.6,2.08,16.69,37.12363869,23.87,26.8,17.2,21.211,0,0,72.129,66.667,0,79.33,43.1,0.056,0.257
0209,Mértola,-1.16,4.4,36.8,29.02,0.052,4.7,90521.22,0.041,37.3,1,6.67,22.6221374,33.97,52.1,79.24,88,16.68,40.51,500,1,31.83692669,0.0837,11.5157821713492,0.539052644,4.21,1727.6,11.13,36.4,21.6,67.16578,0.05,78.84615385,1688,1.74,19.7,34.40860215,5.65,25.1,13,31.123,0,0,57.993,33.848,0,100,33.259,1.09,0.2
0210,Moura,0.08,8.9,26.23,32.78,0.034,13.9,164195.6,0.096,40,3.2,16.51,23.361426260000002,27.29,11.7,51.19,40,15.15,38.08,535,1,27.01039501,0.0445,12.2010920730559,0.45045045,1.66,3086.4,11.92,57.1,14.4,67.27029,2.01,87.06896552,1583.9,2.72,12.75,49.72698174,11.78,35,7.9,28.424,0,0,100,33.333,0,100,37.101,1.099,0
0211,Odemira,2.22,9,22.65,37.55,0.687,19.7,197538,0.241,43.3,1.3,5.11,33.04366812,29.22,54.8,85.06,99,17.32,33.77,1379,1.141099855,44.86490872,0.0209,20.4809583407831,0.067805804,23.07,1005,13.53,33.3,17.9,60.96392,1.43,61.00746269,1216,7.21,34.64,6.052208117,20.24,22.9,20.3,38.36,0,0.504,43.984,53.247,0,76.333,58.037,4.341,1.44
0212,Ourique,-0.92,5.6,34.41,31.62,0.125,7.2,127872.8,0.036,40.9,2.8,7.13,19.83877996,32.89,36.4,67.62,100,15.96,40.09,601,1,30.71244896,0.0833,9.53477660064486,0.966628308,1.82,2658,10.54,33.3,9.6,60.97561,0,69.23076923,1629.1,1.28,21.65,22.1096269,20.9,27.3,11.3,31.485,0,0,62.471,65.859,0,92.671,36.538,1.883,0
0213,Serpa,-0.42,6.6,28.28,33.07,0.097,12.4,169492.4,0.098,40.6,4.2,10.83,23.89001692,26.69,18.1,67.57,1,16.39,36.78,677,1,32.03786982,0.0141,10.4232804232804,0,2.28,2473.3,8.67,36.7,13.1,76.95113,0.27,77.36842105,1511,2.98,18.31,38.48324515,12.13,29.7,10.3,25.318,0,0,82.107,33.333,0,100,34.187,0.441,0
0214,Vidigueira,0.61,5.9,27.9,35.13,0.077,16.6,127506.9,0.038,39.4,8.7,8.35,19.52957172,28.22,14,100,0,16.65,43.18,576,1,30.0310605,0.0703,7.78414517669532,0,0,4265.1,15.14,55.6,19.1,66.34877,1.97,80,1603.3,0.93,24.07,35.81661891,4.61,22.5,12.6,30.312,0,0,83.656,52.82,0,100,40.245,2.403,0
0301,Amares,1.04,6.5,21.5,39.29,0.055,241.4,336649.9,0.138,39.7,7.5,6.72,24.13523132,16.32,12.3,75.57,2,19.19,35.86,1118,1,26.14153846,0.111,10.0167453189222,0,7.88,272.9,10.9,20,8.9,62.27876,0.03,36.72055427,1344.2,3.99,18.95,21.3274471,21.07,12,15,49.423,0,0,75,100,2.973,33.333,33.94,28.051,0
0302,Barcelos,-0.04,7.4,19.71,36.37,0.054,308.7,319900.9,0.903,39.5,6,5.31,20.74422735,15.24,5.3,75.06,0,16.51,35.92,1347,1,30.31578947,0.0989,12.2759410476,0.371623726,1.59,300.5,11.73,4.8,8.5,61.67537,0.08,25.6512301,1360.9,28.62,31.29,16.48078072,172.71,13.2,13.3,38.072,0,0.003,47.758,100,0,33.333,34.278,7.798,0.124
0303,Braga,0.96,7.8,18.19,53.91,0.14,1109.7,367211.5,1.999,45.6,8.1,7.61,17.63659961,19.52,2.8,43.14,0,17.6,41.65,1671,1.16828479,37.86000376,0.0615,11.4460760478459,0.77202915,4.08,255,10.18,13.4,8.8,75.8106,0.01,43.49963136,1233.3,65.33,24.42,24.20499854,290.78,15.8,13.3,38.931,0,0,67.285,100,0.551,33.333,33.87,11.624,0
0304,Cabeceiras de Basto,-0.14,6.5,22.65,33.32,0.028,64.3,140346.1,0.102,39.3,2.9,8.59,30.2144873,19.54,12.2,75.81,0,18.19,32.19,750,1,22.49622039,0.0306,11.6809116809116,0.214899713,6.36,314.9,15,37.9,9.2,53.99113,0.01,31.92612137,1291.2,4.57,12.09,7.336182336,16.13,15.5,15.2,78.104,0,0,75,100,32.665,33.333,33.333,34.193,0
0305,Celorico de Basto,-0.1,4.8,23.9,30.23,0.018,97.4,183893.5,0.108,39.5,3.8,7.17,31.43373494,21.52,22.8,90.87,2,20.12,29.07,669,1,25.42725294,0.0242,9.10054512416717,0,5.79,435.3,20.12,0,13.1,45.70231,0.08,31.33333333,1208.4,4.79,12.57,7.041187159,20.04,11.7,20.8,67.208,0,0,75,100,17.542,33.333,33.333,23.073,0
0306,Esposende,1.58,8.3,20.04,43.17,0.078,395.4,266009.6,0.307,43.9,6.3,5.17,21.46,18.16,2.6,83.64,0,17.39,42.86,1986,0.909090909,40.89188052,0.0516,10.0813925376742,0.308223976,13.66,182.5,8.06,4.5,6.7,66.66667,0.02,30.85824494,1521.4,9.51,27.96,4.698202917,70.12,11.5,11.3,29.092,4.438,26.916,25,99.999,0,33.333,40.556,2.225,12.608
0307,Fafe,-0.19,6.6,23.07,33.04,0.033,221,236565.6,0.351,40.8,3.8,8.34,25.81947262,19.38,10.5,72.64,0,15.94,37.63,1078,1,24.8130107,0.0655,9.85723626852659,0.823837388,0.69,311.5,11.43,6.9,10.3,59.91189,0.02,37.77267509,1277.1,12.25,20.53,18.65191805,63.85,15.6,13.1,68.393,0,0,75,100,20.665,33.333,33.333,21.046,0
0308,Guimarães,-0.18,7.2,19.98,38,0.055,649.4,375404.6,1.314,41,5.3,7.4,17.75037594,16.98,17.2,70.85,0,16.04,39.09,1358,0.920583468,29.7868784,0.0535,12.6706395953156,2.384066587,1.9,374.5,10.19,13.2,7.8,67.55859,0,39.56110942,1311.3,40.71,26.81,25.2650544,243.66,15.1,11.9,43.972,0,0,73.172,100,0.803,33.333,33.333,15.759,0
0309,Póvoa de Lanhoso,1.42,7.3,22.39,32.26,0.048,170.3,265293.4,0.154,38.4,2.7,7.53,26.11948529,17.85,18.7,73.8,1,17.02,37.01,997,1,25.92000001,0.0593,9.23446184941889,0.31260283,1.72,246.6,16.76,1.6,8.9,50.71685,0.05,40.47186933,1391,5.74,16.73,14.86862052,20.48,14.8,16,60.764,0,0,75,100,3.08,33.333,33.333,23.251,0
0310,Terras de Bouro,-0.5,5.3,29.08,30.74,0.03,22.9,103530.1,0.041,38.6,15.7,10.04,28.39830508,22.64,13.9,86.08,89,22.18,41.02,763,1,44.59762639,0.1979,9.81052631578947,0.472861842,41.9,642.6,22.02,0,11.8,46.9459,0.03,40.11976048,1380.2,3.7,15.45,9.094736842,5.63,17.4,20.6,80.12,0,0,82.33,100,48.139,33.333,33.315,55.051,0
0311,Vieira do Minho,0.01,4.1,29.53,29.78,0.027,55.8,90942.06,0.076,40.2,1.7,8.93,30.61871921,21.77,24,80.29,37,20.39,38,669,1,28.22727273,0.2401,9.62848977797318,1.253918495,0,488.4,15.52,26.5,10.1,46.8323,0.03,41.70403587,1348.8,2.23,12.86,5.012090569,11.39,15.3,19,77.014,0,0,75,100,35.189,33.333,33.333,40.831,0
0312,Vila Nova de Famalicão,0.52,8.1,19.68,40.48,0.063,678.1,458738.1,1.169,40.7,12.3,6.99,17.23768116,16.14,5.5,73.85,0,16.78,37.78,1402,1,29.4196662,0.0407,11.6510295582862,0.652209066,0,338.5,10.73,15.9,9.1,63.74691,0.02,33.11990687,1347.7,38.61,27.35,23.40376951,236.59,12.4,11.2,32.641,0,0,50.027,100,0,33.333,34.849,5.771,0
0313,Vila Verde,1.14,8.1,21.83,36.86,0.05,213,201742.4,0.342,40,4.3,6.72,26.43495146,16.75,11.2,83.98,1,18.99,35.33,1219,1.035648995,31.57296921,0.0348,10.6532601320091,0.095305184,0,234.7,10.44,0,9.2,61.56915,0.27,29.67625899,1308.8,10.56,21.65,18.02479798,51.97,11.4,13.5,53.268,0,0,71.809,100,5.033,33.333,34.257,23.034,0
0314,Vizela,0.65,8.4,17.51,33.6,0.034,999.5,281144.1,0.187,38.1,10.4,6.79,18.4649629,14.51,5.7,56.56,0,15.84,36.15,1089,1,27.43355372,0.0197,14.6841673502871,0.189693329,0,185.3,9.03,19.2,7.8,63.79085,0.01,24.46351931,1208.4,6.32,32.72,26.8018282,33.5,18.5,11.2,41.256,0,0,75,100,0,33.333,33.333,21.839,0
0401,Alfândega da Fé,-1.05,2.6,37.88,30.61,0.05,13,52443.83,0.027,41.6,0.5,9.69,31.8849252,27.14,3,63.19,25,14.9,32.98,417,1,21.24356436,0.1437,5.4259359739555,0.963733198,3.24,834.3,11.41,0,16,69.41748,0.12,48.7804878,1574,2.71,7.43,15.57243625,3.96,24.9,7.1,66.616,0,0,90.839,100,19.986,66.667,34.507,14.935,0
0402,Bragança,0.44,6.2,28.19,48.75,0.159,30.3,128029.6,0.316,44.4,3.8,6.62,19.99273168,25.9,5,51.73,1,13.55,42.3,932,1,18.37685025,0.0627,8.06835691273287,1.072501073,4.42,462.7,9.9,25,9.3,68.79167,0.11,35.39381854,1596.1,13.19,8.4,6.68861185,58.99,21.1,4.4,70.169,0,0,75.333,100,59.764,66.667,34.382,10.715,0
0403,Carrazeda de Ansiães,-0.41,2.2,37.27,27.36,0.046,19.2,79590.33,0.035,41.5,1.2,9.92,30.84136546,30.61,5.9,70.63,99,15.51,33.78,448,1,27.57602438,0.0489,8.26689047419219,0.74019245,2.74,850.3,32.02,40,7.8,36.38554,1.38,23.40425532,1429.5,1.37,7.72,9.064204784,4.95,22.8,12.8,72.518,0,0,75,100,32.062,66.667,33.834,30.809,0
0404,Freixo de Espada à Cinta,-2.61,5.8,37.31,25.44,0.054,12.5,80298.94,0.02,38.2,1.2,7.52,25.63541667,30.24,12.9,100,100,13.08,33.79,364,1,26.44540066,0.0588,5.89970501474926,1.470588235,4.06,784.3,15.51,33.3,7.9,71.42857,0,69.3877551,1627.3,0.77,4.28,16.00294985,2.93,36.5,11.3,77.259,0,0,100,99.998,26.913,66.667,31.659,21.459,0
0405,Macedo de Cavaleiros,0.12,4.4,34.67,33.41,0.042,20.4,84603.42,0.104,43.5,2,7.41,32.53959965,28.06,5.2,63.57,1,15.21,34.48,624,1,21.13981359,0.081,7.26110473692837,0.929996618,4.07,812,18.3,9.4,12.8,53.28032,0.06,52.07667732,1470.8,5.64,7,6.703819046,23.12,26.2,9.3,66.379,0,0,75.745,100,35.778,66.667,34.639,9.952,0
0406,Miranda do Douro,-1.25,3.2,38.82,33.42,0.046,12.8,75877.63,0.044,41,4,5.67,24.77383178,28.49,2.8,74.97,100,13.67,32.78,471,1,18.90396476,0.0393,5.18969219756621,0.397373877,4.33,498.8,12.58,64.7,14.1,65.55556,0.02,44.18604651,1724.2,1.99,11.1,7.766642806,5.81,25.5,8.8,58.578,0,0,100,99.999,57.065,66.667,36.09,1.513,0
0407,Mirandela,-0.22,5.1,32.12,38.67,0.055,32.4,99184.34,0.171,43.1,2.7,9.36,26.86200717,25.66,20.9,59.16,0,14.33,39.03,805,1,18.46488446,0.0583,7.50703432751828,1.189251736,1.34,642.5,18.23,0,12.1,59.18586,0.11,51.02040816,1547.6,7.76,9.07,24.46820484,42.66,24.7,6.6,59.121,0,0,75.497,100,5.304,66.667,34.174,8.005,0
0408,Mogadouro,-0.83,6.1,37.85,32.79,0.031,10.7,60518.58,0.055,42.4,4.5,7.68,29.44129555,27.86,12.5,66.84,97,14.8,30.12,391,1,19.55801644,0.029,5.77348066298342,0.535690371,4.38,689.1,19.73,40,13.4,46.78243,0.06,45.77464789,1462.4,3.24,8.18,5.718232044,7.41,25.5,8.9,63.001,0,0,99.923,100,40.761,66.667,33.29,11.112,0
0409,Torre de Moncorvo,-1.48,3.1,40.68,29.75,0.023,12.5,63500.09,0.044,40,3.3,6.67,29.20958084,34.8,5.5,67.63,99,15.69,35.71,313,1,26.42394743,0.1163,5.45796737766624,0.999866684,0,3135.9,5.74,60,14.2,82.7853,0,72.89719626,1609.2,2.85,7.78,20.98494354,6.66,24.2,9.9,75.219,0,0,96.168,100,19.063,66.667,34.583,23.817,0
0410,Vila Flor,-0.28,4.8,35.44,29.41,0.05,22.7,91017.62,0.039,41.5,4.4,9.09,32.70434783,26.14,5.8,69.71,8,14.76,33.43,383,1,16.22435424,0.0551,7.96905222437137,0.614983228,0,768.2,21.09,0,17,46.696040000000004,0,72.28915663,1479.7,1.59,7.54,13.34622824,5.2,23.5,12.9,66.325,0,0,75.301,100,18.602,66.667,34.715,17.104,0
0411,Vimioso,-0.05,4.1,43.84,25.21,0.023,8.7,58750.03,0.025,40.7,0.2,6.08,29.88246628,34.46,2.1,100,83,15.45,27.98,316,1,21.4274301,0.23,5.21876647337902,0.8399832,0,465.6,13.01,0,11.3,61.15242,0,49.31506849,1666.1,3.02,7.64,3.953610965,3.63,32.9,9.1,68.648,0,0,92.352,100,40.044,66.667,35.216,9.214,0
0412,Vinhais,-1.28,3.4,44.41,23.13,0.012,10.6,35134.13,0.045,39.1,3.5,6.89,33.73882353,29.64,14.7,83.36,79,16.89,31.61,391,1,22.38108484,0.0776,5.05109489051094,0.559040087,0,805.5,17.04,0,5.8,47.01671,0.04,68.04123711,1438.6,2.26,7.01,3.357664234,7.04,25.8,10.9,76.677,0,0,85.868,100,54.161,55.672,33.311,19,0
0501,Belmonte,0.79,5.8,32.18,34.8,0.041,52.8,159823.5,0.044,37.6,10.3,8.62,22.62178218,26.25,25,65.51,0,16.5,40.49,556,1,17.17079113,0.0061,7.706982067913,0,4.03,775.8,10.59,25,16.8,65.92506,0,69.52380952,1547.1,1.8,9.19,19.61083556,11.6,17.2,9.5,60.126,0,0,100,66.667,15.013,66.667,40.042,8.016,0
0502,Castelo Branco,0.81,7.6,28.46,47.11,0.109,37.1,200328.5,0.48,42,7.3,5.67,16.9787508,27.89,13.3,42.51,0,14.92,47.56,743,0.865333333,22.6118817,0.058,6.42096424941446,0.755453272,1.1,1579.4,11.28,9.2,13,66.9189,0.02,63.23144105,1555.9,16.01,10.4,44.32365549,64.61,22.8,6,54.942,0,0,92.073,67.281,3.393,66.667,33.978,4.642,0
0503,Covilhã,0.5,6.3,29.79,43.4,0.114,83.9,193102.8,0.389,41.8,5.4,7.69,18.3757764,28.38,23.5,67.98,1,15.73,49.25,870,0.636919315,27.49062702,0.066,7.5127104003159,1.880592069,3.34,1324.5,15.93,0,15.4,57.44836,0.04,51.82307233,1549.5,13.23,8.45,20.36625697,63.18,15.5,11.6,76.946,0,0,94.7,66.667,39.985,66.667,36.474,22.381,0
0504,Fundão,1.12,6.2,32.5,35.89,0.101,39,189272.1,0.207,40.5,6.8,6.45,22.32939189,29.08,28.2,69.16,1,15.72,42.6,742,0.559139785,26.14545721,0.0809,6.68396022481625,0.088479915,0,849.9,18.25,11.1,16.1,53.92916,0.03,53.89718076,1578.5,8.99,8.36,25.30047557,39.24,22.7,8.7,65.343,0,0,95.611,66.667,18.285,66.667,33.796,10.383,0
0505,Idanha-a-Nova,0.58,5.8,42.81,26.66,0.127,6,86716.09,0.053,38.1,1.5,7.11,23.89724771,34.11,11.2,76.25,50,16.3,36.4,274,1,26.26861811,0.0082,7.70241850683491,0.079189104,3.37,1285.1,14.09,29.5,13.4,62.82596,0.38,91.20879121,1568.8,1.76,11.09,34.09568875,7.54,31.8,10.3,47.182,0,0,100,95.891,1.473,66.667,33.298,2.583,0
0506,Oleiros,0.53,5.3,45.64,25.18,0.063,10.4,214868.6,0.032,39.8,10.6,3.23,24.45758355,34.76,46.4,79.43,95,16.97,32.82,460,1,25.95797043,0.0086,4.46584938704028,0,1.19,1361.8,13.53,22.2,9,64.69298,0,63.93442623,1322.1,1.1,4.29,8.187390543,4.44,19.3,8.8,87.088,0,0,75,66.667,34.611,66.667,33.643,20.036,0
0507,Penamacor,0.5,3.7,44.42,27.1,0.102,8.6,149265.4,0.029,37.3,2.5,7.35,23.86907449,35.74,10.2,79.83,36,16.06,34.85,300,1,25.36810869,0.0072,9.05968226706741,0,2.79,1136,13.39,50,15.9,64.57565,0.19,75.6302521,1494.7,1.42,9.19,22.92829541,4.41,21.1,15.1,61.156,0,0,100,97.23,22.406,66.667,34.498,7.802,0
0508,Proença-a-Nova,0.16,4.5,38.31,32.49,0.061,18,196295.7,0.05,39.2,10.4,5.83,22.72434608,30.51,49.3,64.49,88,17.51,36.37,627,1,24.47739602,0.0049,5.7243364246882,0,1.83,819.6,15.56,55.6,8.3,60.37037,0.01,59.22330097,1464,1.73,13.53,20.78669651,6.46,20.6,11.1,71.742,0,0,75,66.667,8.455,66.667,34.161,9.555,0
0509,Sertã,0.56,5.6,31.11,34.27,0.085,33.5,246186.3,0.106,39.3,4.7,5.55,27.47698745,28.72,29.3,71.31,100,15.66,36.63,857,1,27.26668273,0.0223,6.6729917773561,0.249128052,2.21,1053,15.75,0,11.3,51.61054,0.01,41.80602007,1376.9,3.68,13.35,12.68184693,12.33,13.1,9.4,77.987,0,0,75,66.667,9.325,66.667,33.604,10.987,0
0510,Vila de Rei,0.38,5.5,40.87,30.37,0.064,18,122492.6,0.023,36.3,1.4,4.79,19.61220826,30.42,24.9,75.18,21,16.28,34.42,433,1,30.88892159,0.0656,6.11928737412858,1.222736286,3.79,666.7,12.39,30.4,6.7,39.40887,0,33.67346939,1401.8,0.73,13.4,11.38652208,2.68,14.8,11.6,85.804,0,0,75,66.667,0.211,66.667,35.08,17.509,0
0511,Vila Velha de Ródão,1.75,6.5,45.69,27.89,0.11,10.8,1173806,0.025,37.4,14.7,6.48,18.0534846,30.63,3.8,100,2,15.55,37.96,325,1,22.09357998,0.1615,5.25587828492392,0,2.81,1948.6,9.63,25,11.7,62.07729,0.85,58.33333333,1495.1,1.93,12.17,35.47717842,24.75,21.1,13,57.506,0,0,79.19,66.667,0.038,66.667,35.668,9.367,0
0601,Arganil,1.18,5.2,33.28,31.92,0.104,34.4,189159.8,0.076,38.1,6.1,5.22,22.71401152,27.8,45.5,76.93,100,16.22,42.79,557,1.463821892,22.61954262,0.0185,6.72358591248665,0.218958124,4.25,2289.8,17.61,7.7,11.7,49.327,0.1,54.60750853,1448.6,3.05,13.08,7.897545358,9.43,15.5,10.8,86.047,0,0,75,66.667,24.416,66.667,39.211,24.123,0
0602,Cantanhede,1.37,7,30.31,38.02,0.055,90.6,249823.2,0.273,41.7,8.6,5.29,22.73274336,23.66,5.1,78.88,0,18.02,38.13,1000,1,25.73590821,0.0363,7.26383413637027,0.052676947,1.04,607.1,15.34,17.6,13.4,53.48506,0.13,44.68085106,1385.3,10.7,17.99,6.906117681,58.3,10.1,8.1,40.552,0,3.188,35.296,66.667,0,33.382,56.17,0.088,0.798
0603,Coimbra,1.42,7.5,25.23,58.68,0.141,459.9,200923.5,1.616,47.2,10.2,6.26,13.90764156,28.41,2.1,51.55,0,18.2,48.15,1791,1.13971831,33.89088467,0.053900000000000003,8.8355021688355,1.016974133,5.18,927.4,12.65,13.6,19.4,72.48644,0.03,50.93010147,1377,46.96,21.51,17.72105439,216,11.1,13.5,43.024,0.937,0,50,66.667,0,63.373,46.969,8.289,1.792
0604,Condeixa-a-Nova,1.85,7.8,22.79,49.95,0.048,129,202879.2,0.138,41.4,9.6,4.47,14.35430666,20.9,3.5,65.32,0,20.01,36.99,1366,1,25.81663548,0.0372,5.75891448406437,0.229829442,2.12,882.8,17.83,23.5,16.1,44.09158,0.01,40.67278287,1171.6,3.36,17.31,15.93562638,48.93,8.7,7,44.168,0,0,50,66.667,0,66.667,44.783,7.257,0.374
0605,Figueira da Foz,1.19,6.8,28.28,44.37,0.128,162,461675.8,0.542,42.9,12.6,8.13,17.03097893,26.92,39.7,64.95,0,18.17,47.76,1534,1.11863224,35.66502216,0.09,9.4205257589322,1.274838944,6.71,1337.5,14.6,44.8,13.3,60.61381,0.08,54.10199557,1398.7,16.64,28.53,4.439651664,101.75,13.8,8.9,37.68,2.603,13.541,25.091,66.666,0,33.333,53.491,1.31,11.91
0606,Góis,0.58,6,37.73,29.76,0.095,14.5,123274.7,0.025,36.5,1.8,5.78,21.37616387,29.81,11.5,100,100,19.26,43.85,453,1,36.89726443,0.0268,5.93272171253822,0.117970901,6.66,4328,17.32,60,10.9,53.72051,0,89.83050847,1380.5,0.57,11.38,7.400611621,3.31,17.8,15.2,88.102,0,0,75,66.667,28.611,66.667,36.838,29.05,0
0607,Lousã,1.39,6.2,22.86,44.69,0.07,127.6,267087.1,0.139,40.2,9.7,6.59,18.00806994,24.48,12.1,57.58,3,20.49,40.71,1012,1,23.82699558,0.0297,6.93732193732193,0.203409531,6.22,940.4,15.99,30,16.8,57.44438,0.06,29.14746544,1317,9.46,15.64,15.32763533,13.67,13.6,10.5,70.925,0,0,67.439,66.667,13.378,66.667,40.737,20.03,0
0608,Mira,1.56,6.5,30.79,38.57,0.078,102.6,207939.8,0.09,42,8.1,5.76,22.84473198,24.99,9.7,81.4,1,17.6,43.24,1344,1,23.08303961,0.01,7.08788983394086,0,7.31,425.8,15.13,5.3,14.5,55.42545,0.12,38.84892086,1717.6,3.25,16.24,4.779262859,17.01,9.9,6,53.026,0.121,24.59,25,66.664,0,33.333,66.213,0.006,7.314
0609,Miranda do Corvo,1.25,5.6,26.93,38.13,0.057,97.1,110312.9,0.085,38.3,5.8,5.37,18.86087625,24.15,4.3,67.48,1,21.75,33.86,733,1,25.27261385,0.0265,6.84730098718756,0,3.22,1651.1,24.91,32.4,21.7,35.32023,0.02,49.35064935,1242.9,1.98,18.71,10.67002731,12.78,11.6,15.8,71.303,0,0,51.893,66.667,7.257,66.667,41.65,18.424,0
0610,Montemor-o-Velho,0.97,7.1,26.04,40.33,0.039,109.8,160730.7,0.179,39.3,8.3,5.29,16.44198895,21.39,24.5,91.76,0,22.22,33.91,955,1,24.25072372,0.045,7.63022743947175,0.030061626,1.17,1115.2,16.53,9.5,16.4,53.52564,0.21,40.9771987,1246.4,6.77,23.12,8.825070747,29.24,7.8,11.5,28.791,0,0.016,40.132,66.667,0,35.311,56.852,0.573,16.228
0611,Oliveira do Hospital,0.75,7.8,28.37,33.92,0.079,83.6,205514.1,0.137,37.3,5.4,5.74,22.47843137,23.28,18.9,79.94,16,15.86,40.21,682,1,19.66299925,0.0243,7.47699386503067,0.294519072,3.57,1171.1,14.71,48.3,13.5,58.60416,0.1,62.41830065,1292.9,5.16,12.62,10.35276074,19.5,14.7,10,79.122,0,0,75,66.667,9.016,66.667,33.698,15.517,0
0612,Pampilhosa da Serra,1.06,3.1,45.86,21.38,0.028,10.5,302969.5,0.026,34.9,2.8,3.86,20.6462963,35.49,4,83.06,90,20.08,36.03,274,1,36.22830708,0.0101,2.89855072463768,0,3.21,2903.3,13.52,66.7,10.3,60.45296,0,33.82899628,1132,0.67,3.47,5.641821946,3.48,18.1,11.4,92.709,0,0,75,66.667,38.281,66.667,33.864,26.574,0
0613,Penacova,0.25,5.8,32.1,30.4,0.036,59.8,214050.8,0.087,37.3,12.7,3.84,23.72102161,23.01,11.5,89.95,13,20.98,34.99,590,1,22.30985915,0.0343,4.97728993186979,0.129854799,3.95,1062.8,10.79,40,17,62.28008,0.01,55.11363636,1318.1,2.44,15.9,7.607872824,11.84,7.8,15.7,67.133,0,0,56.141,66.667,0.01,66.667,34.389,15.537,0
0614,Penela,1.82,5.5,31.97,34.7,0.124,42.4,367902.5,0.04,40.2,7.9,4.36,22.01083032,27.98,17.4,100,5,18.36,32.02,828,1,37.12861295,0.0392,6.09973285841496,0,5.59,1410.1,37.47,11.1,25.9,30.35398,0,35.22012579,1339.5,0.85,18.43,10.06233304,12.31,12.4,12.7,65.305,0,0,54.151,66.667,8.379,66.667,34.436,18.606,0
0615,Soure,0.37,4.9,33.47,36.52,0.046,65.3,160791.7,0.123,37.9,13.9,5.16,16.12545587,26.41,9.9,84.89,0,21.79,35.98,723,1,21.11790057,0.0896,5.73611111111111,0.122871687,1.26,1240.4,27.83,0,20.1,41.77384,0,61.50234742,1331.7,3.21,17.01,9.791666667,30.47,9.5,15.5,46.783,0,0.009,47.983,66.667,0.001,51.497,44.291,4.039,6.672
0616,Tábua,1.56,7.4,29.78,31.72,0.087,59,319599,0.08,38.9,11.4,5.52,25.18467583,24.65,52.6,79.31,27,15.58,38.95,606,0.709183673,23.68077388,0.0376,8.03908505440817,0,2.43,1640.4,21.03,0,11.8,48.9776,0.04,56.60377358,1318.9,2.08,11.75,10.7928048,9.37,12.8,11.7,70.392,0,0,75,66.667,0.017,66.667,33.545,6.16,0
0617,Vila Nova de Poiares,1.68,8.5,25.8,36.09,0.103,86,296847.5,0.052,38,9.5,5.52,21.06743738,24.35,4.8,69.2,2,16.94,38.47,714,1,21.7560903,0.0196,7.87965616045845,0,1.42,1966.7,11.59,44.4,12.6,63.01616,0,47.65100671,1341.6,1.63,19.95,12.64326648,5.65,11.7,7.8,76.375,0,0,58.748,66.667,0,66.667,37.404,14.928,0
0701,Alandroal,-0.46,5.8,32.07,27.87,0.042,9.2,88479.53,0.033,36,7.2,6.71,19.76708373,29.86,22.7,100,63,19.86,39.68,711,1,32.27278364,0.0682,8.72389791183294,0,4.54,3826.2,6.56,40,12.1,85.98131,0.5,80,1837.1,1.1,16.19,37.81902552,4.54,18.4,16.5,30.221,0,0,100,33.333,0,77.81,34.252,0.225,0
0702,Arraiolos,1.35,7,28.81,37.37,0.037,10,202728.1,0.05,37.3,8,5.35,14.00934579,27.41,17.8,67.44,21,17.81,44.75,820,1,28.49249898,0.0109,7.20946915351506,0,5.7,2409.3,11.73,40.9,14.4,64.67153,0,64.0625,1784.4,1.33,13.92,36.40602582,6.84,21.7,9.7,25.78,0,0,75,66.667,0,71.21,59.262,0.203,0
0703,Borba,-0.31,5.8,29.03,33.53,0.027,43.9,102311.4,0.046,37,5.8,5.81,16.09612626,24.92,17.1,100,19,15.15,39.72,657,1,16.59349649,0.0338,7.03536493604213,1.435185185,4.15,2604.5,9.42,42.9,18.3,68.0104,0,86.32478632,1667.7,1.82,11.4,44.16854778,9.05,22.2,11.2,42.796,0,0,100,47.989,0,66.667,33.333,1.001,0
0704,Estremoz,-0.54,8.5,29.05,39.77,0.053,24.3,174773,0.112,39.1,5.7,5.32,15.15673289,27.98,28.4,48.57,82,15.92,42.39,808,1,21.13415558,0.0176,8.73893805309734,0,4.36,2807,17.03,87.5,21.6,54.29842,0,75.29880478,1560.7,2.54,13.72,38.97492625,20.1,23,6.6,36.298,0,0,79.505,66.665,0,71.706,36.419,1.12,0
0705,Évora,-0.05,8.1,23.57,53.19,0.104,41.2,233709.8,0.565,42.9,6.9,6.28,11.74807481,27.12,12.5,42.28,0,15.55,49.01,1882,1.537254902,34.89309367,0.0752,10.4008958566629,2.82753069,6.93,1761.8,7.78,28.7,14.5,75.78996,0.18,65.53610503,1606.9,15.5,13.61,46.07838746,80.43,17.9,5.7,26.963,0,0,77.529,65.913,0,97.895,45.448,0.057,0
0706,Montemor-o-Novo,-0.24,7.5,30.25,37.28,0.084,12.9,175923.9,0.134,40.2,6.6,4.9,15.88106012,27.36,29.7,48.65,38,17.46,44.9,1140,1,27.88830522,0.0119,8.74754494636652,0.611937488,4.03,1582,9.91,51.9,16.7,69.03524,0.12,45.20547945,1625.3,3.41,14.52,36.04774135,39.73,23.9,7.2,24.902,0,0,59.877,60.621,0,67.155,67.597,0.27,0
0707,Mora,0.14,5.8,38.77,27.97,0.03,9.4,228045.8,0.031,37.9,6.6,7.07,13.78391552,31.28,18,57.48,100,16.68,46.37,833,1,29.07606371,0.0278,6.44273127753303,1.428571429,1.78,3492.1,8.89,50,20.9,71.8398,0,80,1651.8,0.8,12.72,35.18722467,3.86,28.1,8.2,23.125,0,0,75,66.667,0,66.667,43.613,0.213,0
0708,Mourão,0.33,7.4,27.99,30.08,0.061,8.7,113431.4,0.016,40.8,2.7,13.38,14.83478261,24.89,19.9,100,100,14.34,40.49,711,1,27.91540209,0,6.57748049052396,0.104166667,10.86,7087.5,6.27,60,12.4,70.16807,5.83,74.46808511,1702.7,0.44,11.71,52.61984392,2.07,38.5,10.7,19.644,0,0,100,33.332,0,100,33.676,0.096,0
0709,Portel,-0.05,4.4,28.83,32.29,0.039,9.5,105369.5,0.038,35.2,8.6,7.9,20.47412008,25.52,17,100,63,20.51,41.48,509,1,32.23979203,0.0208,9.14069081718618,0,4.5,2233,7.49,41.7,16.5,73.78917,0,79.16666667,1691.7,1.54,14.53,28.81213142,4.99,24.8,17.1,35.3,0,0,89.09,52.819,0,100,33.876,1.216,0
0710,Redondo,-0.14,6.4,27.59,34.02,0.041,17,180112.8,0.045,38.4,1.3,6.08,19.84589331,25.63,20,42.92,41,18.11,38.81,692,1,24.53261601,0.0266,8.70060790273556,3.050773589,4.14,5028.6,9.26,62.5,16.8,69.84334,0.32,68.36734694,1638,1.68,16.95,33.62462006,5.46,24.8,10,30.978,0,0,95.956,59.167,0,96.949,33.934,0.957,0
0711,Reguengos de Monsaraz,-0.36,8.1,26.61,37.06,0.072,21.2,175436.1,0.084,39.3,3.5,7.34,17.41421393,25.68,12.3,43.19,96,17.09,41.66,868,1,24.98255369,0.0469,8.31688055281342,0.592165199,18.93,1746.7,6.83,54.5,12.7,81.04887,0,50.19157088,1758.9,3.21,14.14,50.34550839,8.41,24.2,9.8,23.02,0,0,100,33.333,0,100,33.339,0.209,0
0712,Vendas Novas,0.47,8.6,29.52,38.93,0.133,52.1,299512.8,0.101,40.5,9.3,5.25,16.2304878,25.37,4.4,42.51,88,18.67,44.29,1308,1,27.16501425,0.0311,9.76654529877918,0.88550567,2.27,1871.2,13.28,5.9,15.7,60.9901,0.02,66.11111111,1468.6,3.12,19.75,29.38530735,39.81,18.6,8,23.307,0,0,45.199,36.775,0,66.667,74.46,0.023,0
0713,Viana do Alentejo,0.97,7.2,26.14,36.36,0.037,14.2,163773.7,0.041,37.4,2.2,5.5,15.60551724,25.43,12.9,56.97,4,18.15,41.42,713,1,28.69220824,0.0142,8,0,3.93,1775,6.84,44.4,21.5,76.1039,0.13,75,1643,2.51,14.21,27.24705882,4.46,24.5,8.1,24.357,0,0,68.299,66.667,0,82.942,41.161,0.515,0
0714,Vila Viçosa,-0.45,4.4,26.34,38.58,0.04,37.3,174577.4,0.057,37.7,8.8,5.2,14.34026174,28.46,10.2,41.89,36,15.38,42.11,588,1,20.62630034,0.0563,7.73809523809523,1.35301353,3.14,2269.6,6.1,0,13.2,76.99531,0.03,80.57553957,1604.2,1.84,12.81,47.61904762,6.46,23.9,9.2,34.496,0,0,100,33.333,0,66.667,33.745,0.677,0
0801,Albufeira,2.66,10.9,18.15,47.75,0.551,347,156943.2,0.465,45,4.2,19.65,23.20902256,25.56,37,68.83,2,15.39,68.98,2941,1.208379681,64.94515886,0.0659,25.2921769278085,0.281347768,76.99,255,6.1,50,13.3,85.5758,0.04,68.66902238,2730,19.2,39.07,33.14880054,86.48,17.3,8.1,24.794,0,3.492,28.714,33.313,0,100,86.525,1.943,6.586
0802,Alcoutim,-0.5,2.5,47.52,26.15,0.142,4.2,64151.7,0.016,44.9,6.6,2.97,21.5705968,40.26,22.4,100,98,19.83,38.85,769,1,54.90246336,0.0351,6.69975186104218,0,4.42,2215,15.77,25,15.8,63.38028,0.52,50.74626866,1621.1,2.42,16.71,27.29528536,2.26,26.8,18.6,41.825,0,0,49.891,33.333,0,100,35.339,3.212,0
0803,Aljezur,2.16,9,26.9,42.65,0.492,20.1,94070.82,0.043,45.9,0.8,8.15,28.91202873,33.91,35.3,100,81,17.38,56.77,3121,1.206596593,53.34374168,0.0475,12.1840814786872,0.744500846,95.3,464.5,10.85,5.6,12.7,69.93377,0.28,49.42528736,2368.7,1.78,33.12,7.167106752,4.57,22.7,13,56.222,0.233,4.367,33.763,33.347,0,66.992,98.186,6.308,3.105
0804,Castro Marim,2.38,6.5,32.51,36.04,0.216,23.2,113139.3,0.051,42.7,4.1,10.54,22.62337662,28.26,38.3,100,77,15.72,51.7,2110,0.990094106,50.79582618,0.0749,11.2737920937042,0.937756418,21.34,880.5,4.88,9.4,9.7,81.48599,1.63,28.27868852,2444.7,1.78,34.59,37.92093704,14.89,16.8,10.5,40.482,0,8.046,32.664,33.333,0,100,46.99,2.848,0.28
0805,Faro,1.26,8.3,21.94,54.44,0.256,347.3,185033.4,0.74,46.8,6.5,8.76,18.61816251,28.37,37.4,39.32,2,14.83,49.35,2504,1.268977622,43.04267161,0.0359,14.8388920293951,1.154508755,15.96,833.9,9.84,47.4,12.6,74.23212,0.29,44.42518775,1607.2,36.74,39.41,35.67340305,99.23,27.2,6.7,22.011,0.903,36.284,26.09,33.292,0,100,81.13,3.495,3.418
0806,Lagoa,2.45,8.6,23.41,43.02,0.296,289.3,164217,0.207,44.7,4.5,13.76,20.42241379,25.81,18.3,74.8,1,13.58,61.66,2762,1.399740147,47.79768176,0.0809,15.9088544376235,0.820616182,91.1,289.9,7.01,30.4,9.1,74.88275,0.37,48.84836852,2980.5,8.5,39.05,33.58651545,36.79,17.8,7.5,26.217,2.698,9.248,25.547,33.338,0,100,86.08,0.166,8.298
0807,Lagos,1.97,8.2,24.75,46.9,0.461,165.5,120911.9,0.292,44.7,3.7,11.98,21.56776034,27.84,20.5,44.28,1,14.48,66.33,3452,1.29982548,59.56536606,0.0664,16.440992018244,1.541390547,94.6,276.4,5.96,15.6,10.3,80.16011,0.36,48.72180451,2540.8,14.41,39.66,23.98802737,44.59,23.9,8,44.593,0,7.445,39.626,33.328,0,89.942,96.398,2.324,3.567
0808,Loulé,1.8,10.6,23.38,45.32,0.39,99.2,188767.3,0.76,46.3,4.7,11.42,22.04027778,25.6,31.6,58.46,2,15.49,68.84,3333,1.315095583,61.49048051,0.043,19.33819786187,0.591671772,52.14,540.1,8.24,2.7,12.5,78.66953,0.13,46.77695379,3267,29.88,33.06,38.45579501,120.5,21.3,7.9,47.93,0,2.858,43.108,33.321,0,100,73.97,7.904,2.798
0809,Monchique,0.26,8.6,33.67,33.73,0.215,13.5,123978.6,0.035,39.8,6.3,7.74,24.62340037,33.56,68.8,100,5,19.04,40.39,1376,1.324457594,29.59801965,0.0608,10.8914885034288,0,4.68,2263.8,19.54,90,25.3,58.25572,0.68,33.86243386,1748,1.01,28.92,7.825736184,4.69,21.4,12.9,85.965,0.006,0,50,33.333,0,99.317,98.525,23.454,0
0810,Olhão,0.9,7.5,22.93,43.22,0.168,347.3,129494.5,0.36,42.3,4.7,9.81,20.66160221,25.07,39.4,38.21,0,16.33,47.29,2211,1.279150198,44.09476978,0.0802,16.2806273371658,2.95227525,22.12,838.1,10.32,45.9,12.4,73.7646,0.55,56.18878005,1547.1,11.24,44.01,33.84495172,63.54,23.7,6.9,22.201,0,30.062,25,33.333,0,100,81.721,2.086,2.805
0811,Portimão,2.17,9.6,22.44,49.06,0.353,354.1,139083.4,0.592,44.4,5.3,13.46,21.14619883,28.59,17.2,23.8,0,14.79,60.37,2556,1.136833402,61.42494812,0.0745,17.4051641695887,1.392261955,48.27,706.8,9.22,1.2,9.7,82.64687,0.54,55.76374745,1725.6,20.8,41.61,29.66209755,87.03,21.7,6,45.645,1.807,14.445,35.793,33.319,0,100,91.251,2.165,13.856
0812,São Brás de Alportel,1.08,6.9,26.01,46.36,0.192,76.5,105380.5,0.095,44,2.5,7.22,21.2503864,26.85,52.2,49.81,0,16.31,46.09,1997,1.413943355,37.28842105,0.0844,10.5013987518829,0.788834951,6.33,858.3,15.91,20.5,8.5,63.48123,0.06,75.2,1963.2,3.42,26.43,37.29287713,8.28,19,4.4,65.072,0,0,48.136,33.333,0,100,68.214,10.854,0
0813,Silves,2.03,9.2,24.99,41,0.29,59.3,124746.2,0.316,41.9,5.8,11.26,21.9186747,27.07,42.6,86.69,6,17.07,52.74,1986,1.131531532,48.84288355,0.0254,15.6303807155155,0.330260906,26.22,1023,10.61,36.6,11.8,67.61953,0.3,65.10791367,2057,15.5,36.53,29.29022384,72.1,18.9,10.3,50.328,0.177,1.165,46.75,33.409,0,100,81.841,6.907,0.954
0814,Tavira,1.49,6.5,29.3,43.16,0.377,46.6,105045.4,0.242,45.2,2.3,9.13,25.23916533,27.55,43.3,67.62,2,16.15,56.74,2853,1.122522523,63.37924849,0.1072,13.0899991371127,2.385321101,39.82,883.2,9.5,41.8,10.9,71.80129,0.07,37.54592212,2186.7,7.62,34.76,40.6074726,36.59,21.1,8.2,58.478,0.222,4.609,35.68,33.333,0,100,70.346,8.832,1.027
0815,Vila do Bispo,1.89,8.5,27.6,41.96,0.511,33.8,145927.8,0.037,43.8,2.1,9.48,23.01487603,31.62,20,94.37,34,16.35,65.69,3030,1.13352791,48.44201778,0.1235,15.8511928831378,0.474656721,95.61,354.2,7.16,47.7,14.9,79.41176,1.87,46.66666667,2945.5,2.48,44.12,9.987868985,4.08,23,14.8,46.996,0,4.263,33.206,33.336,0,66.667,93.439,2.672,3.111
0816,Vila Real de Santo António,1.19,7.9,26.14,39.81,0.244,319.1,134114.8,0.167,41.9,9.1,13.16,23.66771654,26.67,21.8,39.4,95,14.16,57.29,2258,1.096411587,57.90417024,0.0709,16.9682664568581,2.32311036,25.01,753.9,7.49,11.1,14.9,85.964340000000007,0.27,44.69453376,1887.5,4.89,42.91,33.96275898,26.65,33.4,5.9,31.216,0,24.438,25,33.332,0,100,67.783,0.17,14.058
0901,Aguiar da Beira,0.45,5.1,38.46,24.52,0.023,25.8,185329.1,0.035,37.8,3.7,6.22,26.00483092,25.18,6.9,81.37,100,14.96,29.71,438,1,31.61139654,0.0294,5.35798956851588,0.159140641,2.2,682.6,11.35,28.6,21.7,63.58646,0,41.17647059,1458.1,1.69,10.62,8.724513988,4.25,17.6,11.6,71.16,0,0,75,81.386,49.966,66.667,33.333,5.956,0
0902,Almeida,-0.74,3,44.13,28.12,0.047,10.9,99525.56,0.04,37.9,7.5,6.58,20.67799353,32.51,57.9,62.21,80,16.06,33.95,335,1,22.59414226,0.0086,6.17848970251716,0.334156618,0.58,1745.2,13.51,56.3,11.3,58.89328,0,75.34246575,1616.9,1,6.6,6.064073227,15.99,22.4,9.4,72.194,0,0,100,99.999,59.328,66.667,32.781,2.701,0
0903,Celorico da Beira,0.45,5.6,35.11,28.96,0.046,26.8,141927.6,0.045,39.2,19.7,7.55,24.98100173,28.17,20.2,74.81,2,15.95,35.23,363,1,24.59949891,0.0211,6.952820148989,0.171499844,0,537.4,19.71,45.5,19.9,51.86953,0,58.82352941,1418.2,1.39,8.51,7.023767293,19.16,18.2,12.4,78.013,0,0,94.416,67.783,28.418,66.667,34.909,14.415,0
0904,Figueira de Castelo Rodrigo,-0.46,5.6,38,26.28,0.017,9.9,94624.43,0.034,40.5,1.8,8.27,28.10526316,29.14,5.6,60.61,100,13.55,32.45,240,1,26.63159626,0.0405,6.82342093130474,0.340379792,6.55,1773.4,19,0,18,48.27586,0,60,1356.2,1,7.19,9.128630705,4.86,28.2,11.2,70.639,0,0,100,99.999,29.671,66.667,35.737,8.239,0
0905,Fornos de Algodres,0.39,5.2,36.29,27.45,0.035,33.5,110879.5,0.028,39.2,5.4,6.63,27.61594203,27.88,12.9,74.85,61,16.2,32.56,291,1,25.75516694,0.0382,6.86857760951865,0.443896424,3.47,1503.8,13.18,50,16,51.9685,0,68.49315068,1292.9,1.98,12.93,7.625743645,12.55,19.2,10.9,77.547,0,0,75.69,67.115,21.456,66.667,34.382,11.886,0
0906,Gouveia,0.64,4.9,38.2,30.23,0.038,40.9,95372.09,0.081,39.1,5.5,6.84,24.84044944,28.92,19.5,77.53,0,16.1,40.41,418,1.31372549,19.35928051,0.0642,5.92635212888377,0.210268092,3.68,1383.6,12.48,0,19.9,63.47709,0.06,60.38647343,1266.8,2.3,9.05,7.978519371,10.91,17.5,13.2,83.799,0,0,91.856,66.667,44.557,66.667,34.176,16.707,0
0907,Guarda,0.09,6.8,25.26,48.6,0.064,56.2,309221,0.361,42.5,11.5,6.47,16.70128119,24.91,73.2,63.55,0,14.87,41.55,835,1,21.13487465,0.0336,7.87175572519083,0.245933317,1.21,852.7,10.92,50,11.9,63.70086,0.02,61.74582798,1317.5,14.16,7.96,6.076335878,73.86,16.6,7.1,79.756,0,0,100,85.917,64.914,66.667,34.019,14.411,0
0908,Manteigas,0.44,6.5,37.81,30.33,0.051,24.2,136284,0.02,38.1,3.3,9.12,24.12113402,31.19,12.6,29.04,56,15.21,39.63,389,1,24.85997085,0.118,5.6732223903177,1.443001443,15.94,2442.9,11.85,75,9.6,64.90566,0.14,39.64497041,1475.2,0.83,6.43,5.975794251,2.66,29.7,5,85.996,0,0,100,66.667,84.145,66.667,37.614,39.392,0
0909,Mêda,0.48,5.2,38.38,26.16,0.036,16.1,85023.61,0.03,39.9,5.3,5.66,30.72611465,32.01,12.9,62.02,100,15.73,29.89,416,1,26.51174207,0.064,6.18656355727404,0.351631178,0,1004.5,19.47,50,14.9,45.63492,0,64.44444444,1438.2,0.76,8.41,5.364910585,4.04,20.9,12.9,70.085,0,0,78.803,100,31.444,66.667,34.67,8.476,0
0910,Pinhel,-0.41,2.3,38.61,27.86,0.034,16.1,85303.4,0.052,39.1,3.8,5.48,28.41458333,28.39,64.7,67.45,58,15.71,32.24,360,1,25.57625512,0.1449,5.70545250140528,0.484496124,1.26,1303.2,17.78,0,20.5,58.83413,0,68.06722689,1472.7,2.52,9.47,6.211354694,11.38,25.5,8.9,72.739,0,0,100,100,36.681,66.667,33.569,5.085,0
0911,Sabugal,0.18,2.9,44.97,26.81,0.028,13.7,119625.2,0.069,38.7,3.3,5.78,23.69430052,34.43,8,84.33,56,16.21,30.31,289,1,20.91317749,0.0196,5.85053095572029,0,0.87,1279.1,14.09,43.8,15.3,60.51753,0.06,50.37481259,1439.5,2.93,5.55,6.812262072,9.74,22.4,9.9,77.922,0,0,100,97.632,65.153,66.667,33.003,4.135,0
0912,Seia,-0.14,6.2,34.47,32.23,0.05,49.1,253301.3,0.159,38.7,3.7,6.12,23.03470716,26.72,5.8,80.29,4,15.41,42.22,517,1,20.70360571,0.0197,6.45794698374604,0.039367865,10.09,1622.5,14.11,57.8,16.9,57.43607,0.14,68.86543536,1294.1,5.87,11.66,11.69412021,19.18,14.8,9.7,84.185,0,0,84.775,66.667,42.119,66.667,34.425,28.967,0
0913,Trancoso,1.06,4.5,36.06,30.84,0.036,23.2,158611.7,0.057,40.5,5.9,5.39,27.10536779,29.39,12.8,73.99,63,15.21,32.02,417,1,16.19286104,0.0082,5.90486604702023,0.127684272,2.47,936.5,17.79,38.1,19.6,52.0597,0,67.13286713,1496.8,2.44,7.11,3.827227993,7.67,18.4,10.5,76.867,0,0,78.041,96.34,49.111,66.667,34.671,10.055,0
0914,Vila Nova de Foz Côa,0.22,4.2,35.87,29.18,0.061,16,70503.79,0.043,42.5,6.2,6.63,30.44656489,32.1,6.6,62.06,100,15.47,35.01,414,1,14.7051796,0.0161,6.34976942178077,0,0,1137.1,14.47,64.3,13,62.84024,0,78.21782178,1501,1.98,11.56,20.11351543,5.68,24.4,12.5,72.635,0,0,88.292,100,9.96,66.667,34.053,16.836,0
1001,Alcobaça,1.07,7.5,25.96,40.04,0.127,142,320311.8,0.457,40.4,9.4,5.14,18.21288515,25.2,33.6,77.59,0,16.22,44.98,1339,1.514469453,33.09995782,0.0521,9.30679785330948,0.196106295,11.98,930.6,11.23,8,14.6,63.76503,0.14,46.35332253,1498.2,16.29,25.32,7.768336315,70.86,12.9,8.3,41.441,0,4.816,42.101,33.709,0,33.333,58.654,5.746,3.145
1002,Alvaiázere,1.93,5.5,37.06,29.96,0.112,40.4,248867.3,0.044,37.9,6.7,5.31,24.45774648,30.67,47.2,84.13,5,18.28,35.86,573,1,21.28078818,0.1402,5.24017467248908,0.544402858,2.94,1951.8,20.71,47.1,21.6,47.24473,0.16,66.66666667,1406.8,1.47,17.76,8.879184862,9.56,12.5,12.4,60.831,0,0,74.077,66.667,0.027,66.667,33.799,10.486,0
1003,Ansião,0.55,5,32.41,34.62,0.075,67.7,334843.5,0.087,39,13.4,5.4,21.7744511,26.14,5.3,83.77,0,17.66,34.91,562,1,22.5486541,0.0233,6.0436137071651,0.011636025,5.17,892.5,18.05,25.6,19.7,44.48399,0.02,53.80952381,1293.1,2.87,18.03,9.885773624,11.97,13.4,10.1,50.434,0,0,55.397,66.667,0.005,66.667,33.333,4.92,0
1004,Batalha,1.97,7,23,41.71,0.093,163.4,360001.2,0.134,41.1,11,4.82,17.34314381,21.75,19.3,84.88,0,15.33,38.7,950,1,25.5878661,0.0111,7.09138552243694,0.011899096,3.86,480.8,12.64,0,14.5,55.91837,0.01,37.28813559,1398.2,3.78,18.31,14.59220439,20.07,7.7,6.1,52.509,0,0,55.455,66.667,0.001,33.333,61.67,8.396,0
1005,Bombarral,2,5.7,27.5,38.26,0.133,156.3,287859,0.109,42.7,4,6.86,23.06445993,25.55,18.3,63.6,0,18.3,40.75,1311,1,28.44971818,0.0169,10.9591642924976,0.262434391,5.15,815,15.65,14.8,19.2,59.13771,0.13,56.05263158,1503.9,3.04,30.2,6.096866097,36.42,19.1,13.6,32.646,0,0,49.037,33.333,0,33.333,72.834,2.778,0
1006,Caldas da Rainha,1.94,7.1,25.71,46.69,0.181,215.9,233056.4,0.508,44.2,8.7,7.46,20.69565217,27.29,20.6,52.5,0,17.23,49.26,1662,1.366509751,39.71412103,0.0198,9.91918052814585,0.188083777,10.09,525,14.78,0,15.1,63.41105,0.06,47.12562101,1611.5,23.07,27.89,5.112301475,77,19,8.7,37.794,0,5.943,41.046,33.333,0,33.333,59.441,6.816,2.484
1007,Castanheira de Pêra,1.68,6.2,38.3,27.36,0.078,41.3,139741.7,0.018,37,7.7,7.63,23.36193029,31.15,49.5,100,100,16.91,37.8,430,1,37.0785425,0.0349,7.5809199318569,0.593251761,6.44,1142.6,22.92,83.3,17.4,48.92704,0.08,73.7704918,1340.3,0.94,12.52,10.73253833,2.48,16.3,10.8,84.183,0,0,75,66.667,38.639,66.667,33.333,19.879,0
1008,Figueiró dos Vinhos,1.04,5.5,35.18,30.65,0.082,30.7,142685.2,0.036,38.3,2.4,6.45,24.20092379,30.92,72.7,62.93,77,16.45,37.26,595,1.137931034,36.34285714,0.0212,5.85738539898132,0.180433039,3.55,1261.4,23.24,0,18.3,43.67301,0.04,63.10679612,1425.9,1.31,17.78,12.26655348,5.9,13.5,10.4,89.523,0,0,75,66.667,13.662,66.667,33.333,24.112,0
1009,Leiria,1.64,8,22.27,48.02,0.138,240.7,382438.3,1.302,42.9,9.9,4.87,15.95803357,24.03,3.9,73.17,0,15.71,43.24,1486,1.050139276,32.22878457,0.0572,8.78605745852055,0.156721616,1.95,468.7,9.44,28,11.4,66.25094,0.04,36.4224772,1403,48.07,20.2,10.39466262,234.61,10.6,7,41.215,0,1.102,46.331,66.513,0,34.586,49.316,3.773,1.254
1010,Marinha Grande,1.84,7.2,23.3,45.89,0.176,223.1,389703.4,0.348,40.8,14,6.47,15.58942632,24.63,7.5,38.79,0,14.39,44.61,1186,0.995567376,26.8658086,0.0526,8.60696517412935,1.26233647,5.44,563.9,9.68,10,13.9,68.99935,0.21,73.46938776,1386.3,10.58,22.83,7.375621891,36.2,12.4,4.7,57.413,0,5.296,31.788,66.287,0,33.333,63.497,0.064,2.694
1011,Nazaré,1,8.6,26.21,39.04,0.18,192.4,127554.5,0.13,42,10.7,8.01,21.7465035,25.67,3.8,44.98,1,15.82,57.88,2559,1.183984747,48.11077197,0.0249,12.4778618579938,0.62193605,52.62,820,12.7,28.9,10.4,65.73427,0.04,40.92741935,1648.5,5.34,42.55,4.991144743,23.38,20,8.3,37.812,0,11.035,27.483,33.333,0,33.333,59.414,3.514,8.963
1012,Óbidos,3.15,6,26.74,41.29,0.153,96.9,202149,0.102,44,6.4,6.07,20.23439878,24.34,21.9,88.34,1,17.63,47.71,1914,1.287025704,37.4418505,0.0277,9.31199334857617,0.13293453,45.45,427.8,8.62,4.3,11.3,66.44231,0.13,45.59139785,2154,4.06,27.48,5.321139056,32.76,10,10.2,35.428,0,12.861,31.344,33.333,0,33.333,55.141,3.605,6.565
1013,Pedrógão Grande,2.48,6,35.52,29.97,0.236,28.9,101778.8,0.024,38.8,0.3,8.44,25.55575221,31.76,53.5,100,100,16.02,39.56,582,1.485900217,37.43623284,0.0373,7.55584756898817,0.699105145,2.89,854.6,11.76,62.5,11,61.32316,0.15,66.66666667,1629.8,0.63,13.99,13.33771353,3.04,16.4,11.5,84.175,0,0,75,66.667,6.434,66.667,33.538,6.848,0
1014,Peniche,0.86,7.6,26.07,38.15,0.138,358.4,193651.5,0.225,41.9,6.1,7.05,21.13343558,26.3,5.9,57.17,0,16.34,55.44,1810,1.180730102,37.37676311,0.0992,12.1010395768739,2.751997045,34.94,520,9.06,24.6,9.5,68.68588,0.51,54.70737913,1539.3,7.73,48.34,2.626299471,30.1,23.1,8,25.053,0,22.405,25,34.015,0,33.333,41.809,0.245,17.256
1015,Pombal,1.05,6.9,28.98,35.94,0.098,84,326116,0.412,39.4,9.8,4.52,19.48548278,25.25,23,77.76,0,16.91,39.19,1031,1.330188679,28.20090325,0.0482,6.92499520429694,0.401570851,1.66,767.4,12.03,0,16.1,55.73021,0.03,44.5320197,1440.3,12.64,18.21,7.78342605,108.15,12,10.2,49.163,0.142,0.972,45.431,66.667,0.003,49.489,46.167,4.699,0.503
1016,Porto de Mós,1.29,8.2,24.97,38.18,0.095,92.8,290974.8,0.186,39.1,10,4.29,17.0728022,24.14,8.8,67.96,1,16.34,39.99,833,1,24.56510824,0.0191,8.03147908581285,0.053378069,4.23,935.3,11.26,29.4,15.1,61.72032,0.07,65.28189911,1399.3,4.45,19.63,10.95299698,20.14,10.6,9.8,61.209,0,0,54.797,47.855,0.152,33.333,67.191,13.139,0
1101,Alenquer,2.36,9,20.22,43.5,0.15,162.6,318818.7,0.396,41.5,9.5,7.15,17.17241379,22.06,37.5,85.54,0,22.98,38.97,1534,1,36.20776494,0.0155,12.8359941944847,0.08105802,1.97,1496.8,10.18,13.2,14.7,65.41895,0.1,79.3867121,1178.5,8.93,32.4,18.86792453,62.92,12.6,17.1,38.79,0.618,1.094,52.286,33.333,0,33.333,96.256,7.307,5.412
1102,Arruda dos Vinhos,2.77,8,19.4,49.69,0.088,202.1,264354.2,0.148,46,6.9,5.31,15.07381776,21.65,32.8,71.37,0,23.39,36.74,1780,1,34.08053613,0.0227,12.1670130360853,1.031866464,0.77,716,9.75,0,12.3,63.33739,0.04,47.5,1347.3,2.92,29.85,22.65255998,15.62,13.6,11.9,43.454,0,0,47.035,33.333,0,33.333,100,9.91,0
1103,Azambuja,2.23,7.7,23.56,40.53,0.116,89.3,1083212,0.222,39.8,0.8,7.35,16.46002621,25.56,30.6,71.66,0,23.65,38.5,1329,1,34.06848208,0.0473,13.2716790775882,0.653266332,1.68,819.2,14.17,12.5,17.4,55.6142,0.49,72.72727273,1260.7,4.45,26.39,20.89839058,70.37,17.3,19.1,33.622,15.685,14.361,66.27,33.333,0,33.333,93.946,2.1,24.766
1104,Cadaval,1.89,5.4,30.13,34.36,0.067,84.1,266259,0.102,41.1,9.3,6.38,21.48233216,25.44,12.7,80.96,4,20.46,41.4,1080,1,28.65963484,0.0225,8.68290895768455,0.101844517,5.06,946.6,10.69,4.5,14.5,66.04215,0.02,48.02431611,1529.5,2.6,24.14,9.910239971,11.05,14.4,14.2,46.364,0,0,53.736,33.333,0,33.333,69.045,7.754,0
1105,Cascais,1.22,7.8,22.63,62.92,0.253,2282.7,218895.2,2.427,51.8,2.4,8.28,16.48906174,27.09,1.7,20.44,0,23.94,49.04,4053,1.378551318,72.08025812,0.0512,14.6498583241774,2.512517234,14.07,375.7,9.7,1.1,10.1,81.97732,0,58.14552479,1559.2,62.81,29.19,17.3075811,347.44,12.4,17.8,26.302,0,3.315,25.001,33.333,0,33.333,76.123,4.183,3.233
1106,Lisboa,1.51,10.1,23.41,64.87,0.352,5754.5,909609.4,9.666,54.3,10.6,8.43,16.40495137,35.24,0.4,3.61,0,22.26,57.86,4340,1.47404674,76.67685129,0.0806,14.801441060303,7.763135615,34.94,3614.3,9.03,88.9,14.9,85.87166,0.04,73.31982127,1328.4,246.16,30.38,20.978004,939.17,20.7,27.5,7.403,0.005,2.147,25,28.75,0,33.333,81.073,2.813,5.869
1107,Loures,1.35,11.1,21.98,49.97,0.247,1254.9,379370.2,1.961,45.8,7.6,9.11,16.95163807,25.66,5.7,47.42,0,25.17,44.7,2812,1.012300123,55.76051735,0.0459,16.7414655679811,2.522600607,1.22,621,9.89,3.1,10.3,78.78728,0.21,61.414183800000004,1095.8,50.06,37.89,18.22886011,492.61,14.6,26.9,37.537,4.927,1.39,36.006,33.323,0,33.333,98.961,15.798,8.839
1108,Lourinhã,2.07,7.9,25.42,39.13,0.132,196.9,264213.6,0.225,43.1,8.3,6.26,22.44528875,25.44,15.1,93.81,1,19.35,45.24,1642,1.357296909,33.37393209,0.041,10.4509730538922,0.749106834,16.07,549,12.16,26.3,13.6,59.94212,0.02,46.37865311,1577.5,9.3,35.8,7.494386228,23.24,13.8,13.3,33.629,0,3.816,33.304,33.333,0,33.333,67.308,1.841,3.906
1109,Mafra,1.24,8.3,17.77,53.5,0.139,312.9,268136,0.876,46.7,5.8,6.23,16.44884115,22.16,12.7,79,0,24.14,46.27,2539,1.520254893,43.21290709,0.0369,12.9011824324324,0.276870652,15.88,519.2,10.09,14.1,9.1,65.0623,0.03,34.96932515,1475.9,24.64,31.4,12.40045849,139.75,11.8,16.2,42.831,0.031,1.545,40.426,33.333,0,33.333,74.918,18.71,1.524
1110,Oeiras,1.24,7.8,24.03,66.35,0.155,3876.8,1215931,2.478,49.6,10.4,7.37,12.46414934,30.28,0.2,31.59,0,23.73,49.15,3471,0.609452736,54.65693431,0.0759,13.5263583197512,3.904164367,3.5,550.8,6.46,20.5,9.6,87.62961,0,58.00361518,1231.1,43.21,30.23,16.21629025,352.15,14.1,19.6,18.152,0,3.904,25,33.232,0,33.333,94.368,5.284,4.269
1111,Sintra,1.36,11.1,17.86,53.87,0.241,1256,317099.8,3.675,44.6,5.6,9.1,17.61023018,24.65,6.1,32.99,0,26.26,44.82,2226,1.058823529,54.80487305,0.0449,18.1577177483071,0.901021157,4.16,732.8,8.52,10.5,9.3,80.9275,0.03,69.95459132,1146.3,118.02,41.03,6.332477946,629.9,15,26.2,33.691,0,1.447,38.92,33.332,0,33.333,78.286,7.839,1.357
1112,Sobral de Monte Agraço,2.78,7.7,20.58,41.16,0.092,234.4,220002.6,0.092,44.1,8.1,4.88,19.83888149,22.65,21.1,71.3,0,22.73,37.44,1313,1,31.12546584,0.0135,12.8375061364752,0,2.65,1310,15.82,0,16.2,54.45321,0.01,61.62790698,1318.6,3.09,33.43,11.21747668,14.24,13.4,14.3,43.503,0,0,50,33.333,0,33.333,100,12.136,0
1113,Torres Vedras,1.7,8.3,22.77,43.11,0.154,219.9,332551,0.774,44.4,6.1,6.14,20.18668596,23.35,6.8,80.43,0,20.65,43.03,1784,1.163366337,42.28719276,0.0309,12.6934035969239,0.156798657,3.07,701.2,11.99,0.6,10.9,63.31479,0.08,46.68129457,1352.8,26.61,35.88,8.290695181,132.99,14.4,14.5,35.098,1.627,3.329,42.529,33.333,0,33.333,75.186,6.056,3.82
1114,Vila Franca de Xira,0.9,9.6,18.49,52.81,0.149,442.2,436309.7,1.309,41.9,7.1,7.83,14.04091816,23.95,7.5,49.33,0,26.04,44.1,1905,1,45.52997347,0.0456,14.2035549325137,1.70266484,0.9,1368.8,6.13,7.6,8.5,79.62863,0.09,64.42274154,1037.1,33.8,36.4,19.56111501,298.97,17.1,24.3,16.493,9.667,44.478,31.931,33.318,0,33.333,83.714,4.808,69.356
1115,Amadora,1.86,11.8,22.21,51.73,0.306,7637,237864,1.72,45.3,9.3,9.94,19.03974563,30.12,0.2,10.1,0,24.61,45.05,2481,0.952072539,66.52359405,0.0601,19.6931155033803,3.425485434,1.39,1370.5,9.96,0,9.3,85.31046,0.02,73.44579819,963.5,47.06,41.35,12.22368833,321.53,17.8,31,18.632,0,0,27.42,33.333,0,33.333,100,6.15,0
1116,Odivelas,1.66,11.7,20.88,52.97,0.327,5888.4,128616.8,1.388,46.5,2.4,8.34,19.23870282,25.75,5,25.42,0,25.04,44.26,2836,1,60.12,0.0359,16.2261514662585,1.27930887,0.67,264,7.21,0.8,8.7,84.4104,0.02,64.49064449,1059.4,30.15,36.68,21.36429415,259.25,14.2,28.2,21.72,2.87,0.005,35.126,33.333,0,33.333,100,8.754,1.778
1201,Alter do Chão,1.31,5.3,35.74,31.09,0.054,8.9,149186.4,0.023,38.4,8.5,7.26,16.53894737,30.28,6.8,37.79,27,15.77,43.55,456,1,22.67073703,0.2133,7.9563182527301,5.35483871,4.09,5694.7,12.26,71.4,19,62.87215,0.56,89.81481481,1574.8,0.84,19.34,34.4773791,2.77,33.6,8.6,30.16,0,0,75,66.667,0,66.667,34.791,0.123,0
1202,Arronches,-0.04,6.5,31.52,32.49,0.034,8.8,81910.91,0.02,38.3,1.7,4.67,17.96701649,29.69,33.5,100,6,16.67,44.99,616,1,22.90212203,0.0938,7.31497418244406,3.346153846,0,3744.4,16.57,66.7,16,58.66337,0,74.41860465,1623.3,0.48,12.91,31.7555938,2.46,24.9,11,37.961,0,0,98.915,34.857,0,66.667,34.725,0.527,0
1203,Avis,-1.14,5.6,32.79,31.7,0.029,6.2,192787.3,0.027,37.8,11.6,8.45,18.30195081,30.52,39.6,100,100,14.47,41.9,567,1,23.45671957,0.0166,8.14026299311208,0,8.14,2318.9,14.54,100,20.9,55.60054,3.49,87.83783784,1605,1.04,12.59,36.25547902,3.55,24.2,12.4,23.546,0,0,75,66.667,0,66.667,34.844,0.181,0
1204,Campo Maior,-0.49,5.1,23.96,39.72,0.036,31.9,1042611,0.067,39.9,6.8,6.72,15.81048642,25.01,10.6,18.06,1,12.54,41.27,556,1,15.55314361,0.0957,10.8429959260419,1.585127202,1.1,1101.5,6.51,23.8,14.6,77.79255,0,87.71929825,1854.2,2.19,7.68,56.09526794,6.57,28.3,9.2,25.938,0,0,100,33.332,0,66.667,43.714,0.116,0
1205,Castelo de Vide,-0.53,5.3,35.69,37.37,0.063,12,61977.9,0.024,39.2,6.2,5.23,17.60603774,27.71,22.8,100,1,15.19,43.94,583,1,21.07317073,0.0177,6.07225211375864,0.993831391,11.97,11554.5,6.77,88.9,15.7,76.36761,0,81.96721311,1538,0.53,10.99,25.90315142,2.65,34.7,9.2,57.942,0,0,82.029,66.667,0.597,66.667,33.262,2.608,0
1206,Crato,-0.8,4.9,39.97,28.31,0.045,8.2,359500.2,0.023,36.6,1.1,7.44,16.08503937,30.59,6.8,100,1,16.19,43.62,313,1,22.560868,0.0606,5.01818181818181,0.955905026,3.07,6109.1,11.96,76.9,12.5,56.25,0.4,79.48717949,1633.5,0.99,6.25,44.14545455,2.88,31.3,11.8,40.275,0,0,75,66.667,0,66.667,33.343,0.07,0
1207,Elvas,-0.43,6.6,24.38,42.66,0.069,32.2,204302.7,0.174,40.9,6.3,10.84,18.23395722,28.16,9,49.27,0,15.18,44.24,777,1,25.33561644,0.0621,11.7688266199649,2.211230724,5.79,2940.6,11.71,15.4,20.3,71.33431,0.16,71.64179104,1528.3,5,13.46,50.0992411,34.5,22.8,5.5,32.586,0,0,100,33.333,0,66.667,34.865,0.416,0
1208,Fronteira,0,5,33.48,34.05,0.041,12,108588.1,0.022,38.3,11.3,6.28,17.61983471,27.05,10.2,100,68,16.43,43.14,565,1,22.14440895,0.0521,4.50751252086811,3.42703119,5.57,7181.3,8.54,100,17.7,77.14286,0,80.64516129,1665.1,0.53,16.94,43.73956594,2.65,24.7,12.9,25.587,0,0,75,66.667,0,66.667,33.333,0.139,0
1209,Gavião,-1.85,3.9,42.07,24.89,0.011,11.1,113107,0.023,37.1,24.7,7.71,17.88730159,29.09,6.8,100,25,16.79,42.45,333,1,22.29478199,0.0278,5.52147239263803,0.111731844,1.89,2485.2,12.47,0,18.5,69.47853,0,74.11764706,1518.9,1,11.93,23.44921609,7.5,36.8,14.5,67.05,0,0,75,66.667,0,66.667,40.285,2.802,0
1210,Marvão,-0.13,7.3,35.55,30.47,0.093,19.5,51577.46,0.02,38.2,2.1,5.67,19.37851809,29.77,49.1,100,3,15.52,40.27,540,1,23.44790257,0.0275,4.96894409937888,0,8.31,1763.5,20.81,0,21.5,43.55346,0.07,38.5139078,1580.4,0.65,4.58,22.51552795,2.73,16.3,14.9,63.013,0,0,92.21,66.667,0.827,66.667,33.038,9.858,0
1211,Monforte,0.5,8.6,28.78,29.17,0.029,7.2,168958.2,0.021,46.2,7.7,7.9,18.26463878,28.43,9.5,100,1,16.3,39.57,440,1,22.28375957,0.0321,7.12303422756706,2.687060769,1.23,4604.8,7.97,33.3,12.5,67.57679,8.26,55.38461538,1284.8,0.53,16.1,32.00740056,2.58,33.5,14.4,32.231,0,0,85.514,56.383,0,66.667,33.333,0.12,0
1212,Nisa,-0.92,5.3,40.74,30.36,0.036,9.8,77899.8,0.042,38.5,5.7,7.54,19.54256234,32.57,6.3,56.47,23,16.88,47.62,395,1,22.99159664,0.0201,4.82472672446287,0.054112554,3.56,2806.5,16.44,50,16.1,56.58579,0.08,84.55882353,1692.3,2.13,9.16,33.13230305,5.78,30.3,8.3,60.201,0,0,77.438,66.667,0,66.667,35.304,3.652,0
1213,Ponte de Sor,-0.55,6.8,29.27,34.57,0.057,18,152370.2,0.122,40.9,9.8,7.93,23.23042506,26.77,14.6,62.72,52,16.13,42.32,812,1,27.84037631,0.0548,8.45425867507886,0.483412322,5.72,969.3,10.12,23.1,14.2,66.39947,0.18,60.88888889,1524.3,3.5,15.91,33.40694006,12.98,23.2,7.9,30.968,0,0,75,66.667,0,66.667,42.522,0.258,0
1214,Portalegre,-0.73,6.1,27.43,45.7,0.089,48.7,280264.2,0.204,42,7.9,5.83,15.29684211,27.62,29.2,68.5,1,13.97,46.46,780,1,19.73860974,0.069,7.13911860148644,3.363319012,2.86,3523.8,13.63,11.1,17.4,59.91379,0,78.71148459,1445.5,6.19,11.85,40.06071391,28.43,15.2,7.7,54.376,0,0,79.813,61.607,0.034,66.667,33.591,6.737,0
1215,Sousel,0.05,5.7,33.1,32,0.055,15.8,254523.8,0.031,40.3,8.9,8.04,20.62700229,29.49,11.4,100,100,14.76,42.23,543,1,24.52846806,0.0391,7.42521367521367,1.375033702,3.76,5906.9,9.09,50,21.6,71.08586,0,66.29213483,1721.6,0.85,17.9,37.23290598,3.94,22.4,11.6,24.24,0,0,75,66.667,0,66.667,33.333,0.408,0
1301,Amarante,-0.13,5.7,22.22,35.17,0.028,173.1,291707.6,0.372,42.1,4.9,9.42,30.67085202,18.89,18.6,81.42,0,19.95,34.67,962,1,27.69596827,0.0847,10.2571937866055,0.845435331,2.87,402,15.61,24.3,12.7,45.97701,0.05,43.18910256,1326.1,14.44,20.83,15.61497326,93.51,11.2,19,65.65,0,0,74.514,100,17.635,33.333,33.333,28.681,0
1302,Baião,-0.66,5.5,22.97,27.34,0.022,97.9,138707,0.104,38.1,6.4,9.28,32.09081935,19.81,21.6,89.8,30,26.9,32.79,599,1,19.00409802,0.0222,11.3812649164677,0.049554014,4.56,710.3,27.18,35.3,18.8,38.434,0,44.39140811,1360.4,4.46,25.72,10.44152745,15.93,13.5,27.4,76.217,0,0,66.743,90.528,29.814,33.333,33.333,39.83,0
1303,Felgueiras,-0.37,7.1,18,32,0.036,477.1,316801.5,0.419,39,7.3,7.29,24.472103,15.15,15.2,67.27,0,14.71,35.5,970,1,21.74543122,0.0345,12.8675546619753,0.730840669,0,481.3,9.04,4.3,11,65.84838,0,46.13003096,1265,10.73,27.86,25.28776074,84.99,17.3,12.6,45.96,0,0,75,100,0.991,33.333,33.333,12.981,0
1304,Gondomar,0.48,6.8,21.37,44.13,0.055,1284,216739.7,1.386,42,4.2,10.97,19.40315638,19.77,2.4,40.07,0,23.45,39.31,1746,1,40.7163609,0.087,14.9481476853876,4.303431114,1.24,1176.8,14.64,0,9.9,60.45129,0.02,56.41940086,1238,37.51,38.01,10.92646967,248.97,11.1,22.4,51.364,0,0,50,73.647,0,33.333,31.812,8.987,0
1305,Lousada,0.71,7.5,15.38,32.33,0.035,506.4,236151.5,0.339,39,6.8,7.63,26.446183950000002,13.94,5,60.06,0,17.27,34.4,1117,1,25.40767,0.0637,13.564800957797,1.407061267,0.99,236.5,14.63,17.5,9.6,56.0772,0,75.91973244,1299.5,9.56,34,24.32205926,77.79,12.5,16.2,46.251,0,0,57.552,100,1.023,33.333,33.333,8.333,0
1306,Maia,1.44,6.8,19.36,53.42,0.066,1744,526515.8,1.438,45.1,9.3,8.7,15.09859155,19.77,3.5,44.03,0,20.48,42,2046,1,38.67380674,0.0699,12.7980189657158,4.160693563,0.99,1063.3,11.28,23.4,8.2,65.67501,0.09,50.60240964,1317.8,34.01,29,10.571275,307.74,11.4,14.4,24.929,0,0,45.494,100,0,33.333,35.638,0.355,0
1307,Marco de Canaveses,-0.15,6.8,18.2,32.1,0.039,245.2,303735.4,0.352,41.2,6.8,9.3,31.68473896,16.38,28.3,77.01,12,21.8,36.62,991,1.087002096,27.27569775,0.0201,13.35,0.328275752,2.44,423,13.95,7.7,12,48.40849,0,66.66666667,1448.4,7.01,27.2,21.36111111,63.28,14.3,19.8,60.348,0,0,53.38,87.626,5.401,33.333,33.333,25.677,0
1308,Matosinhos,0.83,6.4,22.89,50.32,0.086,2900.4,652082.1,2.019,46.4,9.2,10.02,16.03400121,24.26,0.9,33.41,0,19.66,45.08,2583,1.136221702,52.75369399,0.1268,14.210578970687,5.351199535,3.7,1058.1,9.09,23.6,8.5,76.80148,0,56.33802817,1297.6,55,35.59,6.301362032,361.61,15.2,17.2,12.514,0,13.677,27.03,90.455,0,33.333,37.805,0.261,4.833
1309,Paços de Ferreira,0.16,7.6,16.27,31.8,0.03,789.8,305630,0.433,38.7,5.6,7.67,26.49595142,13.92,2.3,66.24,0,14.87,35.32,1167,1,29.19675852,0.0425,15.7368117764157,1.062650157,1.03,285.4,11.6,22.2,8.8,65.24607,0.03,44.88087572,1273,22.21,34.4,21.39975902,88.29,14.7,10.8,42.108,0,0,50,100,0.468,33.333,33.333,4.301,0
1310,Paredes,0.63,7.6,16.35,36.3,0.038,552.2,298769.1,0.646,41.4,3.9,8.73,28.40804598,15.32,3.3,65.48,0,19.05,35.84,1398,1,32.96915168,0.0296,15.8268841133291,0.473663186,0.75,449.4,15.42,8.6,9.2,56.26699,0.11,49.4047619,1325.4,18.07,36.91,19.06865513,175.12,12.1,17.2,54.848,0,0,50,95.702,0.001,33.333,33.333,9.057,0
1311,Penafiel,0.14,7.4,17.8,35.76,0.032,331.8,253485.2,0.534,41.4,4.8,8.03,26.65784114,16.64,12.8,78.47,0,22.03,34.63,1124,1,29.24929798,0.0821,14.404861193852,0.849723124,1.55,366.6,14.96,32.6,11.5,52.75956,0,38.3360522,1358.3,15.9,32.96,20.49723976,121.91,11.4,21.9,56.991,0,0,50,95.08,0.323,33.333,33.333,13.862,0
1312,Porto,1.56,7.6,25.97,58.36,0.23,6100.6,397996.6,3.792,53.7,12.7,11.71,18.26096257,32.66,0,6.28,0,20.33,54.33,2984,1.315149409,67.5072,0.1406,15.7444682789221,10.594638,33.24,1598.4,12.89,64.8,15.2,75.69314,0.01,39.02844094,1752.5,80.9,31.8,8.024056498,463.01,22.3,22,4.757,5.348,4.542,31.834,69.063,0,33.333,28.72,0.63,1.896
1313,Póvoa de Varzim,1.37,7.8,20.58,42.46,0.105,832.7,233128.5,0.603,44.7,7.2,8.26,23.17348609,19.55,2.7,46.97,0,18.96,42.89,1921,1,42.7157229,0.0554,13.2406854804331,1.344809037,5.47,285.8,11.64,1.8,7.3,67.62808,0.04,40.54524362,1326.7,21.17,40.57,4.130786938,113.65,18.9,11.9,24.041,0,18.442,32.345,99.813,0,33.333,43.028,0.72,5.238
1314,Santo Tirso,-0.17,6.1,24.62,36.3,0.031,495.8,380313,0.553,41.3,8.4,7.7,18.53594771,17.62,5.8,61.11,0,17.51,37.16,1197,1,25.92481203,0.092,11.0196526328226,1.72646256,0.58,583.8,9.41,18.8,10.7,66.27273,0,52.44909191,1339.3,20.63,28.08,24.72135796,106.29,13,11.5,48.874,0,0,50.504,100,0.012,33.333,33.333,10.46,0
1315,Valongo,1.29,7.1,19.44,45.11,0.047,1350.7,212840.8,0.871,41.5,7.9,10.02,18.00691563,19.27,3,35.22,0,22.08,39.05,1729,1,39.86027812,0.0611,14.9026248941574,2.796157428,0,679.6,12.53,6.7,7,63.64569,0.02,54.29432446,1216.2,19.87,34.92,12.3569419,187.77,13.2,18.5,55.829,0,0,50,100,0,33.333,33.333,8.415,0
1316,Vila do Conde,1.17,7,20.33,41.91,0.069,576.2,340462.9,0.751,44,6.7,7.78,19.03244838,17.87,4.1,65.48,1,19.7,40.45,2086,1,39.03127506,0.0568,12.9630265371279,2.357140982,0,537.2,7.49,33.3,7.1,71.82583,0.46,39.12380952,1331.9,19.84,38.08,6.210305881,162.97,14.2,13.3,27.789,0,7.814,33.133,99.95,0,33.333,40.069,1.495,2.825
1317,Vila Nova de Gaia,0.56,7.3,21.4,47.74,0.088,1857.9,271218.3,2.962,45.1,7.3,11.18,18.41168659,22.37,1.6,48.9,0,21.88,42.99,2128,1.379002625,48.31859106,0.0652,15.1334626015924,2.461271693,0,988.6,12.73,16,9.4,65.61414,0.09,37.85298073,1369.6,79.5,34.31,7.672758777,654.52,11.9,18.6,24.081,1.66,4.33,33.691,66.632,0,33.333,37.832,2.2,1.955
1318,Trofa,0.74,7.6,19.93,39.2,0.082,559.6,609452.5,0.348,40.4,8.9,7.79,18.42302158,16.4,5.6,48.64,0,18.13,37.35,1479,1,35.3880811,0.0479,13.4596068302482,0.782186337,0,617.5,12.22,18.2,8.4,59.04335,0.03,46.96485623,1334.2,9.04,35.09,16.81733391,106.17,13.2,10.6,47.287,0,0,50,100,0,33.333,36.392,3.768,0
1401,Abrantes,-0.12,7,31.13,37.88,0.065,47.3,304927.2,0.286,40.8,7.6,7.69,18.32791957,27.63,20.3,75.07,1,17.95,43.05,715,1,26.05329594,0.0226,6.57467532467532,0.263769143,2.14,4480.7,16.49,48.4,20.7,58.18567,0.04,74.08906883,1425.6,7.87,14.58,26.60308442,46.95,12.6,11.7,50.055,2.333,0,75,66.667,0,66.667,47.848,4.955,0
1402,Alcanena,0.98,6.9,28.44,37.87,0.092,101.1,1525828,0.1,38.2,7.6,4.34,18.64992826,27.25,13.8,73.15,0,15.62,41.94,690,1,23.71489706,0.0373,8.03297546012269,1.086956522,1.38,2279.8,18.28,0,22.6,53.97351,0.02,43.57541899,1392.7,3.01,18.23,27.54984663,49.98,15.7,8.7,49.517,0,0,75,56.776,0.093,34.313,68.825,7.52,0
1403,Almeirim,1.16,7.1,25.78,39.46,0.088,103.9,255359.5,0.189,41.5,8.4,7.34,21.80673759,25.3,15.9,50.14,1,19.19,39.27,1117,1,33.46523594,0.0296,11.592596697329,0.648284917,1.2,895.6,7.48,0,18.2,76.70429,0,61.26914661,1470.3,6.04,19.46,32.20658318,21.33,17.5,11.3,27.81,14.106,0.504,75,42.323,0,49.277,90.478,0.145,0.343
1404,Alpiarça,2.19,8.2,29.46,37.54,0.093,78.6,295459.1,0.056,41.8,7.7,8.29,21.446183950000002,26.1,10.8,42.96,0,19.12,36.72,977,1,33.28306976,0.0238,8.11654526534859,0.545634921,1.54,2172.1,10.49,14.3,17.5,64.86486,0.01,75.83333333,1524.8,1.36,18.56,31.1827957,5.98,14.8,9,23.701,26.136,0,75,50.222,0,41.692,87.926,0.1,0
1405,Benavente,2.47,8.7,19.73,44.38,0.139,63.5,502368.8,0.291,43.9,10.8,7.75,16.94457275,23.22,11.5,74.05,2,21.96,41.38,1538,1,33.57422818,0.0302,11.8410869378278,0.845539281,1.39,475.3,17.5,0,12,57.40331,0.46,53.28947368,1413.6,8.72,23.51,31.13767306,39.21,18.1,12.4,19.489,5.649,14.915,44.576,33.333,0,50.746,96.739,0.003,18.685
1406,Cartaxo,1.43,6.5,25.27,42.91,0.089,156.2,252743.5,0.207,40.9,7.8,7.75,16.28012232,25.53,26.7,64.4,0,22.63,43.25,1172,1,27.98833819,0.018,11.4582241325086,0.030323706,1.85,1218,17.71,16,13.8,57.31441,0.06,72.40437158,1485.2,6.55,26.82,22.7487158,56.26,15,13.6,23.87,32.954,18.913,75,33.333,0,33.333,96.699,0.351,13.384
1407,Chamusca,0.21,8.1,31.51,28.88,0.042,11.5,259605.2,0.061,36.8,6.6,5.84,19.76227898,28.7,24,69.71,12,21.11,38.38,712,1,23.00305764,0.0421,7.90471034109366,1.580319322,1.92,6287.2,16.75,44.4,25.3,55.7377,0.22,82.11382114,1492,1.73,19.65,24.82403898,7.86,16.2,15.4,42.904,5.762,0,75,66.667,0,66.212,63.816,1.825,0
1408,Constância,1.55,6.8,26.01,41.85,0.036,50,446750.6,0.03,38.9,19.8,5.23,15.30385965,25.1,6.1,78.49,0,18.55,40.29,938,1,26.42235088,0.047,7.99735624586913,0.954979536,5.78,1873.3,8.57,5.9,17.2,63.22751,0.08,50,1432.1,0.76,15,28.75082617,9.25,11.6,14.6,47.703,9.19,0,75,66.667,0,66.667,52.31,2.12,0
1409,Coruche,-0.39,4.7,33.17,30.54,0.054,15.5,253009,0.13,39.6,8.8,6.87,18.36531987,26.47,32,77.52,95,21.94,35.86,1171,1,30.54980081,0.0436,8.6141304347826,0.387659506,0.87,1916.9,14.39,0,24.3,64.87136,1.57,64.58333333,1571.7,4.46,16.13,31.18206522,15.48,13.9,13.8,25.82,0,0,68.394,49.679,0,66.667,72.216,0.101,0.345
1410,Entroncamento,2.78,11.3,20.93,53.97,0.211,1646.3,143492.2,0.199,42.7,12.3,6.46,15.14708786,25.87,5.1,6.31,0,21.19,41.77,1227,1,27.96939377,0.039,8.21556886227544,1.661742984,0.21,730.8,15.96,0,15.1,60.21831,0.01,54.85362096,1229.9,9.63,19.32,34.33532934,32.81,20.4,12.7,15.099,0.201,0,75,66.667,0,66.667,90.262,0,0
1411,Ferreira do Zêzere,1.2,5,32.63,31.59,0.092,42.6,544826.5,0.056,37.5,6.6,4.4,22.24493927,28.73,46,78.07,2,17.49,40.55,843,1,28.77628919,0.0424,6.9533394327538796,0,5.03,2184.3,13.18,60,14.6,59.81735,0.04,55.37848606,1652.1,2.29,16.35,16.13296737,9.51,14.4,14,60.808,0,0,75,66.667,0,66.667,33.333,11.488,0
1412,Golegã,0.84,6,29.31,40.13,0.067,65.1,278507.5,0.044,39.5,11.4,4.54,15.91138273,27.46,14.7,36.08,0,19.1,42.73,851,1,30.42795478,0.0966,7.38284703801945,1.510310775,7.51,971.6,15.8,0,19.1,51.72414,0.04,55.03355705,1900.6,1.37,20.2,28.24933687,4.59,18,10.7,19.835,53.58,0,75,66.667,0,60.435,89.087,0.116,0
1413,Mação,-0.06,3.9,42.08,29.58,0.055,16,173058.4,0.044,37.7,4.3,5.6,19.71275647,31.88,32.5,77.57,23,16.98,38.99,273,1,31.42053277,0.0272,4.31705590941259,0,2.36,1670.9,18.48,46.2,11.8,50.37879,0.05,46.66666667,1598.4,1.63,14.79,17.97593772,14.41,19.9,10,87.047,0,0,75,66.667,0.596,66.667,34.377,9.985,0
1414,Rio Maior,1.61,8.9,23.94,39.89,0.216,83.1,349098.5,0.185,42.5,8.3,5.03,23.06937394,24.73,32.2,68.72,0,16.91,39.8,1041,1,27.44650411,0.0262,10.0165758939142,0.528227138,2.23,995.1,14.27,31.1,17,55.47025,0.06,53.08641975,1403.7,5.41,21.18,13.11863604,24.2,16.4,9.7,44.926,0,0,67.784,33.333,0,33.333,72.809,4.906,0
1415,Salvaterra de Magos,2.08,6.2,26.87,35.9,0.052,97.7,248905.5,0.176,41,8.1,7.36,18.64066017,22.91,13.2,79.8,1,23.35,38.75,1435,1,27.43998336,0.0306,9.89179016701952,0.544680851,1.29,433.8,7.39,2.1,15,71.17218,0.26,40.35087719,1683,5.81,18.14,32.42766408,25.15,13.3,13.6,28.614,10.221,8.141,70.176,33.333,0,42.552,99.438,0.125,8.463
1416,Santarém,1.07,8.4,26.25,46.62,0.192,111.6,358092.8,0.568,44.9,6.7,6.28,18.69875,27.35,47,75.81,0,19.84,42.8,1194,1,33.92843691,0.041,8.57142857142857,0.856506595,1.85,1849.2,12.54,22,16.2,59.75933,0.04,56.32183908,1474.7,21.39,19.07,25.6032888,167.17,15.3,12.4,34.98,6.022,0.039,74.315,37.973,0,33.369,72.914,3.497,0.021
1417,Sardoal,0.36,4.7,32.39,34.47,0.054,39.5,90680.49,0.026,39.3,2.1,6.29,19.43213988,29.25,16.8,62.91,0,17.15,39.65,561,1,31.90032666,0.1258,7.91268758526603,2.422983731,4.41,925.8,16.5,50,15.2,51.71625,0.06,53.44827586,1552.6,0.91,18.14,18.7585266,3.06,22.6,10.5,71.551,0,0,75,66.667,0,66.667,33.774,9.204,0
1418,Tomar,0.49,6,30.59,41.79,0.073,105.5,150538.8,0.306,42.4,6.9,6.65,19.64065855,28.85,36.3,68.46,1,17.96,44.95,943,1,33.23774217,0.0303,7.61856065448037,0.577463719,0,1892.1,14.74,0,17.1,56.21634,0.28,68.60304288,1532.6,9.03,18.18,25.29080915,57.76,17.9,8.8,49.908,1.425,0,75,66.667,0,66.667,38.763,2.557,0
1419,Torres Novas,0.77,6.7,28.31,43.69,0.059,129.6,341672.4,0.316,40.8,6.1,5.59,15.89054054,26.67,13.6,67.44,0,17.94,43.11,889,1,27.73927114,0.0333,7.44035013412395,0.420047733,0,1771.1,15.64,29.3,17.4,53.04945,0.02,65.19174041,1419.8,11.64,17.69,34.24396442,58.9,13.7,9,37.718,1.061,0,75,66.667,0.03,63.832,72.282,4.608,0
1420,Vila Nova da Barquinha,3.15,8.9,27.61,43.82,0.035,162.2,135251.2,0.056,38.7,8.7,6.69,12.57723077,26.45,9.2,51.75,0,19.78,37.31,1097,1,21.30138248,0.0266,5.99725839616175,1.470948762,0,686.1,9.51,12.9,16.5,65.33333,0.54,54.66666667,1240.1,1.38,16.31,31.87114462,16.42,13.1,10.1,49.076,5.696,0,75,66.667,0,66.667,58.199,2.714,0
1421,Ourém,1.02,7.1,26.82,39.03,0.139,112.8,321596.6,0.383,40.2,10.7,4.76,19.89596167,26.16,33.3,75.53,0,16.78,37.29,1000,1,33.85317546,0.0234,8.52888348108233,0,6.5,689.2,12.41,0,16.5,57.56652,0.03,54.59290188,1387.3,4.115,17.68,11.078278,64.99,13.5,10.2,55.715,0,0,69.806,66.667,0.113,65.122,45.411,6.587,0
1501,Alcácer do Sal,-0.42,5.7,31.11,31.82,0.097,7.4,165599.2,0.09,39.8,8.3,5.19,18.18023715,28.82,18.1,71.8,100,18.2,51.53,1475,1,36.3889051,0.0278,10.9384975526707,0.810692375,15.48,1527.7,13.1,0,19.5,63.31019,0.05,33.82663848,1860.1,4.18,27.13,19.621196,73.33,21.5,11.7,23.612,1.203,2.557,45.133,47.182,0,66.789,73.808,0.361,13.351
1502,Alcochete,1.78,8.1,17.8,57.52,0.112,159.4,922114.7,0.222,49.9,38.3,7.52,13.94610778,22.85,15.2,43.62,0,24.65,43.55,2213,1,41.6361991,0.0241,11.0511401970044,0.83686805,2.47,931.4,15.55,10,9.8,65.62848,0.29,51.62037037,1328.5,3.03,24.33,33.99001484,74.31,17.9,19.8,12.96,0,29.472,29.76,33.332,0,52.191,72.636,0,61.07
1503,Almada,1.32,9.5,23.8,53.91,0.208,2623.1,113597.8,1.805,46.6,3.8,10.06,17.34376577,29.67,5.4,31.16,0,27.57,50.95,2644,1.126766417,59.02727622,0.1045,14.3538451347949,4.723043762,9.82,445.8,10.5,0,8.6,78.43718,0.17,58.81761006,1274.4,44.54,36.89,20.23183414,317.77,17.3,29.9,16.707,0,14.127,25,33.333,0,33.333,94.864,5.803,15.72
1504,Barreiro,1.45,10.4,25.56,49.34,0.208,2229.5,105471.5,0.735,42.4,8.8,10.29,15.97935904,29.63,1.5,16.35,0,32.35,46.65,1942,1.06039489,50.76056338,0.0229,12.7147266057182,0.992248062,1.25,1914.9,10.7,30.3,11.2,74.91955,0.05,63.52877891,1074.2,27.6,37.74,20.17993362,138.64,19.7,34.4,18.241,0,18.224,25,28.902,0,47.992,84.629,0.122,40.191
1505,Grândola,0.43,10,27.62,36.67,0.159,17.2,188966.4,0.121,44.6,10.5,6.37,19.99865501,28.27,38,62.14,12,17.65,60.42,1877,1,47.31185337,0.1355,12.1206743566992,1.279317697,24.26,344.4,10.41,14.4,13.5,71.97867,0.09,23.45276873,2252.8,5.1,26.19,22.16503993,39.02,25.6,8.8,28.871,0,4.863,42.878,45.984,0,66.667,77.478,0.323,5.917
1506,Moita,2.08,11,21.91,43.96,0.188,1274,125526.7,0.544,40.7,6.7,12.05,17.55218855,26.49,9.3,50.21,0,29.28,43.81,1705,1,48.91827263,0.0596,15.8172359853032,2.579153326,0.68,1095.3,17,0,12.1,62.48207,0.05,82.560137460000007,1053.7,13.66,39.37,17.82531194,108.31,20,28.6,12.735,0,25.578,25,33.333,0,50.945,82.775,0,55.5
1507,Montijo,2.36,10.3,18.76,52.29,0.259,173.9,280770.2,0.571,46.6,7.3,9.21,19.29530917,24.55,20.4,40.03,2,24.22,43.46,2040,1.047290117,50.31852055,0.0481,12.4321389793702,2.05535661,1.9,1094.8,10.51,15,13.1,68.9693,0.25,40.33264033,1218.4,12.9,29.25,30.40173724,120.15,17.9,18.7,23.558,0,2.788,45.309,33.291,0,64.184,87.136,0.004,8.184
1508,Palmela,2.07,8.4,21.15,49.46,0.113,160.1,1004262,0.66,45.2,8.4,7.95,16.46256983,23.13,34.9,64.74,0,24.73,42.92,1963,1,38.16740088,0.0163,13.2709788896401,0.090249992,2.62,333.5,11.08,16,10.9,70.81784,0.25,64.47368421,1523.8,20.41,28.11,29.75358726,168.58,14.1,19.8,21.867,0.043,0.939,37.719,33.156,0,66.667,95.389,1.105,8.248
1509,Santiago do Cacém,0.17,6.1,29.08,42.46,0.113,26.7,174317.2,0.261,45.4,6.7,6.65,15.43502135,29.44,31.2,56.05,16,16.39,46.32,1751,1,36.89219051,0.0401,10.1508691374221,0.816348597,6.02,1711.9,10.65,9.8,13.4,69.35743,0.01,54.45736434,1491,7.48,26.12,17.52213841,26.88,21.1,9.9,25.73,0.314,1.328,45.76,54.488,0,66.667,66.131,0.452,1.241
1510,Seixal,2.13,11,21.52,51.95,0.198,1853.1,183638.3,1.562,44.1,19.5,9.23,16.26680244,24.22,2.1,35.42,0,29.07,46.45,2171,1.099502488,47.1761194,0.0376,13.4450795155033,0.954400848,2.92,106.9,7.4,0,8,82.96119,0.02,55.14447745,1214.9,40.63,33.93,24.935588,291.79,14.4,30.4,21.451,0,8.699,25.055,33.324,0,38.342,90.88,0,23.675
1511,Sesimbra,1.91,7.7,20.4,49.88,0.116,289.1,115681.5,0.479,42.9,6.1,8,16.09342749,22.54,6.5,53.15,1,27.02,52.93,2295,1.498082454,40.79189621,0.0343,12.8861215157853,0.982915258,15.3,188.2,8.8,0,7,73.23883,0.01,52.41477273,1556.5,17.8,28.42,24.95013864,57.97,14.7,20,36.178,0,3.394,26.028,33.294,0,60.995,96.241,2.835,4.496
1512,Setúbal,0.64,8.9,23.07,51,0.184,539.8,523547.3,1.216,45.6,12.6,9.12,16.84774536,27.13,5.7,31.17,1,23.15,48.59,2036,1.177514793,48.28171827,0.0766,12.7772674861732,3.687877226,7.36,500.7,9.61,8.2,10.2,79.44652,0.09,59.14985591,1290.3,36,36.91,20.77820555,155.79,20.2,19,21.296,0.277,21.675,27.243,24.892,0,66.667,77.037,7.838,40.467
1513,Sines,0.17,7.7,22.49,44.32,0.214,72.8,790159.2,0.172,45.4,19.1,8.17,15.37534858,27.01,21.1,53.4,0,13.42,52.58,2035,1,50.41603565,0.0969,14.1477465266011,4.092071611,14.54,235.5,6.96,10.8,12.1,82.69598,0.01,44.09799555,1213.1,5.83,42.05,10.28464927,18.02,25.9,8.4,28.346,0,6.719,25,33.237,0,66.667,90.083,0.436,6.361
1601,Arcos de Valdevez,-0.19,5.1,36,29.86,0.044,46.5,158979,0.142,41.7,4.6,6.17,31.24927815,28.14,13.8,80.45,19,16.53,37.68,958,1.707792208,28.9796056,0.0652,10.3562457182005,0.561829004,5.8,344.3,13.88,46.6,10.6,51.58898,0.02,39.13043478,1524.8,7.71,14.41,11.50947705,20.94,15.2,10.7,76.92,0.318,0,92.769,100,30.787,33.333,33.712,43.479,0
1602,Caminha,0.98,5.8,29.51,41.61,0.097,121.6,95213.94,0.127,44.3,2,6.82,24.97959184,24.47,9.5,61.05,0,18.5,49.83,1425,1.241091736,30.13731694,0.0362,9.83168161082271,0.133034589,23.29,473.1,9.28,6.1,8.3,73.59598,0.06,56.06060606,1950,6.96,24.48,5.3327041060000004,23.43,15,9.6,64.35,0,6.161,42.456,99.941,1.218,33.333,33.731,16.861,9.567
1603,Melgaço,-0.55,3.8,42.54,27.47,0.051,31.7,137453.4,0.046,39.7,4.8,4.6,28.06329114,29.72,25.5,70.41,100,15.01,38.03,400,1,25.66059723,0.0542,4.83823958029728,0.226472068,0,1217.4,14.91,55.6,10.4,52.57353,0,57.36842105,1676.4,2.45,10.55,6.703584961,7.15,19.5,10.1,81.966,0,0,100,99.999,62.101,33.333,32.314,33.424,0
1604,Monção,-0.16,5.8,34.11,34.89,0.108,85.2,123619.5,0.129,40.6,8.1,5.35,26.57283465,26.97,5.5,73.68,100,15.95,37.41,1205,1,30.92267756,0.0453,6.79326023000802,0.932417781,2.99,582.1,11.27,26.8,15.7,60.93173,0.01,67.14285714,1642.6,5.23,15.53,12.75742177,16.98,16,10.5,64.722,0,0,99.281,100,8.893,33.333,36.922,24.498,0
1605,Paredes de Coura,-0.24,4.7,30.79,30.62,0.054,62.9,183862,0.057,38.9,5.1,5.64,28.12815126,22.39,30.1,79.37,14,18.13,37.42,708,1,21.80186916,0.0298,9.82168956445483,0.015701052,12.4,499.7,14.1,9.1,14.6,48.59002,0.02,39.31795386,1410.8,1.83,14.82,5.612394037,13.05,10.8,13.4,68.225,0,0,75.354,100,7.261,33.333,34.15,14.38,0
1606,Ponte da Barca,0.29,5.5,30.16,33.32,0.033,61.6,133630,0.071,41.1,6,5.98,31.91397849,23.41,50.2,68.95,8,16.63,34.64,952,1,24.34317624,0.0915,10.2101416171767,1.552238806,3.56,409.7,13.77,43.5,12.1,59.05045,0,38.53503185,1284.3,2.18,15.33,8.382823207,11.9,16.8,10.7,77.342,0.436,0,86.348,100,23.429,33.333,33.122,42.311,0
1607,Ponte de Lima,-0.16,6.7,24.46,35.14,0.047,128.2,232739.9,0.302,40.5,5.6,5.19,25.85842294,19.09,18,82.73,0,18.58,36.04,1246,1,32.57509941,0.0893,10.1943699731903,0.837654567,6.48,349.8,12.97,19,8.2,54.74801,0.06,33.33333333,1406.6,14.54,23.57,12.1849866,76.08,11.1,16.5,57.823,0.777,0,62.543,100,1.01,33.333,36.436,20.703,2.299
1608,Valença,0.97,7.1,26.53,37.08,0.202,122.1,291028.3,0.113,39.1,7.1,7.48,23.84412955,22.91,5,70.39,19,15.6,34.92,893,1,28.9616464,0.0389,11.551946853663,1.113480218,0,393.4,14.92,10.3,14.3,56.2963,0.46,46.84466019,1485.1,5.16,21.65,9.761948699,24.12,13.9,10.5,58.199,0,0.568,75.035,100,0.932,33.333,39.768,16.964,1.904
1609,Viana do Castelo,0.22,7.3,25.06,44.22,0.093,272.6,306868.3,0.754,42.9,6.9,6.14,19.63800277,21.93,6.1,65.3,1,17.18,43.15,1591,1.075018755,36.51111707,0.0544,9.61806608063049,0.906536497,0,541.1,11.36,24.4,10.4,66.17188,0.2,48.44597928,1414.3,27.16,24.74,9.869657472,142.81,13.7,10,53.677,0,7.131,37.827,99.862,0.581,33.333,38.676,13.8,6.938
1610,Vila Nova de Cerveira,1.05,7.5,27.04,38.58,0.171,86.9,632545,0.072,40.4,10.4,5.76,23.14237288,23.84,4.4,63.01,5,16.72,32.55,883,1,23.7510034,0.0786,10.2017618641659,1.01416613,0,704.9,10.36,20.8,11.3,63.35227,0.04,41.55844156,1552.5,2.65,16.65,7.729468599,12.6,12.5,12.1,64.204,0,1.748,60.992,100,0.174,33.333,34.017,17.095,4.82
1701,Alijó,-0.27,4.8,32.94,27.22,0.02,34.6,97177,0.064,39.7,5.8,8.15,33.2737069,26.08,5.2,80.59,67,16.3,39.08,460,1,28.39330544,0.0886,8.44333181611288,1.608187135,5.1,704.2,14.37,37.5,13.3,61.3913,0.01,79.91967871,1390,2.81,9.29,11.97086937,19.18,24.6,14.3,72.509,0,0,75,100,32.339,63.054,33.333,20.032,0
1702,Boticas,-1.09,4.9,37.1,24.02,0.026,15,108519.5,0.03,40.9,3.3,5.73,34.48874598,26.35,2.6,100,31,17.21,31.66,542,1,31.35453184,0,7.73722627737226,0,0.9,728.8,13.72,0,10.2,58.31622,0,40.69767442,1351.7,1.38,6.33,2.822384428,4.46,18.7,16,82.655,0,0,89.446,100,57.721,33.333,33.998,19.994,0
1703,Chaves,-0.26,5.4,32.17,37.62,0.048,63.1,145049.2,0.293,43.8,9.2,8.46,27.53765324,26.53,13.2,65.88,0,15.42,39.66,1000,1,29.79310344,0.0583,7.65257920262014,0.883877927,2.27,689.7,11.09,3.6,12.9,65.37524,0.13,55.72429907,1423.9,12.54,9.66,11.90401209,49.09,18,7.9,68.817,0.891,0,97.76,100,32.521,33.333,36.628,10.956,0
1704,Mesão Frio,-1.04,3.5,28.84,28.52,0.014,129.4,150701.1,0.023,40.4,7,8.38,33.29510155,22.45,18.7,70.81,0,19.12,32.25,500,1,27.72861156,0.0123,9.78970268310369,0.167434073,8.34,1923.4,18.21,87.5,15.6,51.21294,0,67.27272727,1252.6,0.56,19.36,11.09499637,3.44,25.5,17,60.948,0,0,75,100,9.193,33.333,35.828,34.244,0
1705,Mondim de Basto,-0.17,5.3,27.97,28.7,0.02,37.2,141375.2,0.04,38.9,0.6,9.19,32.26260704,24.03,14.8,68.77,0,17.73,34.58,662,1,35.22009019,0.0561,8.83868410622275,0.91423596,11.81,120.8,27.65,3.8,7.6,39.25501,0,88.0952381,1430.6,2.2,14.35,4.637336504,7.3,21.9,18,76.717,0,0,75,100,32.695,33.333,33.333,33.686,0
1706,Montalegre,-0.46,3.2,39.64,24.54,0.023,11.3,66551.93,0.056,41.4,5.5,7.25,36.20977597,30.38,7.1,82.94,66,17.88,31.71,487,1,31.59105431,0.1789,9.9009900990099,0.19101328,5.31,1166.3,10.77,0,10.3,65.058090000000007,0.03,59.78647687,1333.1,3.41,5.92,1.700939325,8.18,21.2,15.3,80.688,0,0,95.801,99.999,80.69,33.333,33.143,18.924,0
1707,Murça,-0.52,4,35.69,26.78,0.022,27.6,45255.03,0.033,41,0.3,8.14,34.10631229,25.06,2.8,70.47,4,15.84,36.62,324,1,27.11688312,0.0778,6.84376407023863,1.595120807,1.53,673.5,4.19,25,8.7,86.52291,0,63.87665198,1558,1.17,7.88,9.140027015,12.12,21.1,14.1,74.36,0,0,75,100,31.107,58.954,33.333,17.567,0
1708,Peso da Régua,-0.89,5.8,26.51,36.01,0.02,150.5,102532.3,0.112,41.7,7.1,9.51,26.95116773,22.56,12.7,60.18,0,18.24,40.2,642,1,27.96072578,0.0681,8.64855570839064,3.602933362,9.48,1757.3,20.49,59.4,14.3,49.51601,0,58.26330532,1225.9,4.39,21.73,22.85075653,23.78,24.7,11.8,61.275,2.439,0,75,100,16.287,38.863,34.011,25.326,0
1709,Ribeira de Pena,-0.36,5.1,31.34,25.91,0.039,26.9,186966.8,0.036,41.3,8.8,7.99,35.21550095,26.47,19.5,81.16,4,15.91,30.78,758,1,31.36281938,0.1231,7.77223607647547,0.734272673,1.03,568.5,16.28,14.3,7.9,52.63158,0.08,58.13953488,1285.5,1,10.22,3.782211139,10.95,21,18.2,78.816,0,0,75,100,41.556,33.333,33.338,31.319,0
1710,Sabrosa,-0.12,5.3,32.62,28.07,0.019,35.9,99917.17,0.036,39.4,4.5,6.97,27.51467269,24.35,6.7,79.21,9,16.88,36.87,558,1,26.3108239,0.2115,7.88546255506607,1.180541421,3.63,988.6,15.49,61.5,6,68.16609,0.02,57.87545788,1248.4,1.1,11.1,6.475770925,6.29,18.8,16,70.814,0,0,75,100,30.578,58.092,33.333,18.725,0
1711,Santa Marta de Penaguião,-0.57,4.2,31.97,27.89,0.015,85.9,68284.49,0.037,41.5,1.6,6.81,37.23809524,22.31,7.3,100,0,18.11,36.67,458,1,29.43502621,0.0989,7.88501026694045,1.454394349,3.15,1326.8,14.66,20,10.6,57.11382,0,83.57487923,1174,1.09,13.39,11.86858316,6.77,19.5,15.6,63.035,0,0,75,100,16.633,33.333,35.104,29.881,0
1712,Valpaços,-0.4,4.7,40.47,22.98,0.018,26.5,53792.3,0.089,40.2,0.6,6.79,38.14754098,29.96,5.4,78.03,2,15.3,33.67,564,1,22.38461538,0.0918,6.32539437055366,0.289603244,0,680.5,15.68,6.7,10.6,65.6706,0.1,49.57264957,1474.8,4.14,7.55,7.841014538,13.11,24.3,10.5,67.494,0,0,83.289,100,33.024,45.598,33.376,10.095,0
1713,Vila Pouca de Aguiar,0.4,4.1,34.52,27.59,0.034,27,173456.7,0.077,41,3.4,8.65,32.17759839,25.57,4.9,82.21,1,16.11,37.57,767,1,23.99395922,0.1704,6.53044871794871,0.242154204,0,468.9,14.33,10,9.5,49.69325,0,49.58677686,1395,3.77,6.99,2.784455128,26.07,19.4,16.1,77.579,0,0,75,100,63.035,33.333,34.997,15.932,0
1714,Vila Real,0.23,6.1,23.53,50.1,0.066,132.1,212306.4,0.465,44.8,2,6.91,21.01232877,23.05,7.5,63.5,0,15.86,44.11,1335,1,26.27709905,0.1042,7.87222194097099,1.988376649,0,381.8,12.96,0,9.9,55.57743,0.06,43.71980676,1388.3,21.64,11.52,8.267098669,97.53,14.8,9.7,71.812,0,0,75,100,48.717,33.904,34.905,17.771,0
1801,Armamar,-0.27,3.7,30.77,28.77,0.06,48.1,142559.9,0.037,41.4,4.4,9.08,32.38785504,25.62,17.3,85.76,1,15,35.45,208,1,28.52758802,0.0268,8.08303886925795,0.041034058,6.72,708.6,21.29,16.7,17.6,37.70492,0,55.07246377,1534.9,1.38,13.96,6.227915194,4.89,20.2,17.1,69.192,0,0,75,100,36.232,66.114,33.333,23.391,0
1802,Carregal do Sal,0.91,6.7,31.67,30.53,0.072,79.2,288497.4,0.064,38.1,9.6,6.23,22.43304348,25.21,5.4,75.91,0,15.65,38.02,528,1,21.26538294,0.0886,6.95559122525414,0.754884547,0.52,1320.2,16.56,53.3,17.4,54.18089,0.02,59.89010989,1340.9,2.02,11.48,11.02193686,7.64,11.2,11.1,69.025,0,0,75,66.667,0,66.667,33.333,6.795,0
1803,Castro Daire,0.42,4.5,32.36,26.58,0.03,36.4,207253.7,0.088,39.1,6.8,8.55,31.81124072,25.5,11.1,81.77,14,18.83,34.39,506,1,25.40749454,0.0195,8.43994314143567,0.069198831,3.3,790.5,8.53,26.5,12.4,73.10819,0.01,52.38095238,1393.9,3.8,15.48,4.513148543,22.17,19.3,18.2,82.55,0,0,61.795,67.392,50.842,50.701,33.83,23.497,0
1804,Cinfães,-0.8,5.2,25.38,25.96,0.041,72.3,171492.3,0.107,39.8,4.9,9.9,38.12406948,20.45,84.6,90.21,90,25.55,29.58,336,1,26.99505223,0.0937,12.5203011959249,0.237510238,1.21,946,14.64,38.5,11.7,55.20394,0.02,48.70967742,1292.7,3.8,22.26,13.42093607,17.72,16.1,26.2,79.787,0,0,50,66.667,40.306,33.333,33.433,41.938,0
1805,Lamego,-0.38,5.1,26.1,38.25,0.037,145.3,139739.6,0.189,44.1,4.5,10.25,28.6124498,22.67,22.8,56.5,0,17.86,38.6,730,1,23.04361469,0.0326,8.71592911182505,0.506827261,2.75,1105.3,17.91,51.1,12.9,53.72787,0.02,41.0989011,1270.1,7.89,18.43,6.943724738,38.61,18.6,12.5,69.135,1.269,0,75,96.115,41.918,37.461,34.164,28.912,0
1806,Mangualde,0.93,6,29.5,33.64,0.062,85.6,925291.9,0.149,39.3,14.9,7.94,21.17488076,22.18,18.5,76.57,0,15.65,40.23,559,1,21.94061028,0.0353,6.5314401622718,0.779241019,1.56,1144.4,17.92,7.8,17.8,53.57613,0.02,60.41666667,1344.9,4.4,13.1,12.75185936,36.88,11.7,8.3,73.038,0,0,75,66.667,14.227,66.667,33.333,7.894,0
1807,Moimenta da Beira,0.44,7.2,29.42,32.46,0.051,44.4,158087.1,0.065,41.7,3.9,7.73,29.41603053,24.4,8.3,74.46,32,13.69,34.75,465,1,21.27024219,0.046,7.13907985193019,0.492362075,0.82,601.2,18.73,27.5,13.2,43.26648,0,54.6961326,1486.2,4.14,9.36,6.028556319,9.6,20.1,10.7,72.168,0,0,75,98.043,62.327,66.667,33.333,8.136,0
1808,Mortágua,0.5,5,35,30.3,0.077,36.2,332114.2,0.068,39.5,11,4.11,22.01330798,22.92,26.6,80.69,0,16.01,36.77,675,1,19.63779873,0.0468,4.93527508090614,0.940642232,1.88,407,9.62,35.5,18.1,66.04444,0,49.375,1360.2,4.11,11.14,8.06364617,7.46,12.3,12.2,66.407,0,0,50.352,66.667,1.951,62.502,35.917,11.298,0
1809,Nelas,1.38,7.2,30.65,34.97,0.07,107.5,468384.7,0.099,39.8,10.7,6.77,20.91401869,23.05,6,53.38,0,15.43,40.01,690,1,20.46331722,0.0579,6.67170667170667,0.513278286,4.34,1016.9,12.54,35.3,17.5,65.76052,0.44,60.14234875,1294,4.12,13.06,11.96371196,10.9,14.1,8.7,63.315,0,0,75,66.667,0,66.667,33.333,6.451,0
1810,Oliveira de Frades,0.79,6,24.89,35.25,0.114,67.7,854392.9,0.077,38.1,9.7,6.84,20.27324478,21.75,9.1,70.53,68,16.62,35.3,847,1,25.6854804,0.0569,9.01928823689215,0.406160095,4.31,683.4,21.74,22.2,11.9,45.69817,0.06,36.13445378,1367.9,3.6,15.57,6.003803314,14.28,12.6,11.1,71.088,0,0,50,66.667,10.85,35.559,33.594,20.373,0
1811,Penalva do Castelo,0.98,4.6,34.95,25.47,0.027,55.2,131626.5,0.046,38.3,8.4,7.61,29.31588785,23.42,28.4,77.53,22,16.45,31.58,422,1,31.00557379,0.1104,6.62754573696927,0.473352034,1.24,696.9,14.48,42.9,17.5,55.78093,0.04,39.45578231,1322.4,1.04,12.63,7.559544356,6.18,14.7,13.6,69.326,0,0,75,66.667,19.893,66.667,33.333,10.748,0
1812,Penedono,0.14,2.9,34.48,29.04,0.035,21,47339.57,0.017,43.2,2,5.52,27.92351816,31.15,5.9,100,100,16.5,29.01,622,1,25.38411903,0,7.27272727272727,0,0.86,540,15.56,0,12.8,61.12676,0,33.33333333,1447.5,0.53,6.32,3.203463203,2.29,20.9,16.8,77.341,0,0,75,100,67.962,66.667,33.333,7.359,0
1813,Resende,-1.38,5.2,25.44,27.6,0.012,78.1,96903.33,0.062,42.8,4.3,9.05,40.34218289,22.89,31.5,74.29,20,22.84,29.98,550,1,24.57663629,0.0254,11.1508951406649,0,39.77,879.4,18.53,27.3,12.4,40.8142,0,50,1167.8,1.62,25.78,8.976982097,8.82,16.9,22.2,77.591,0,0,64.014,81.97,48.352,33.333,34.51,47.96,0
1814,Santa Comba Dão,0.88,6.4,32.51,33.22,0.075,98.5,177822.8,0.076,39.6,7.8,5.9,22.94899818,24.5,6.2,78.75,1,16.4,38.65,763,1,24.18869866,0.0664,6.41439778495616,1.625792229,2.48,860.6,14.04,25.9,14.6,64.24474,0.02,57.45614035,1303.8,2.72,11.91,15.43608676,9,12.1,12.4,64.323,0,0,73.783,66.667,0,66.667,33.333,4.215,0
1815,São João da Pesqueira,-0.43,5.8,27.94,26.12,0.027,25.3,93561.83,0.045,41.1,6.6,5.48,32.77904762,24.05,7.2,79.64,98,15.87,36.02,420,1,27.90200446,0.082,8.7540864511442,0.767888307,4.07,743.4,24.64,23.1,16.9,44.32773,0.09,66.30920465,1343.8,2.72,12.6,7.482746095,6.11,23.3,18.5,67.358,0,0,75,100,23.025,66.667,33.333,22.633,0
1816,São Pedro do Sul,0.65,5,32.81,31.5,0.075,43.8,171182.1,0.107,40.3,5.9,9.26,25.89057239,25.88,21.1,79.96,61,17.32,35.88,784,1,34.20182341,0.0274,7.92095115681234,0,11.24,918.9,22.7,0,14.6,41.2828,0.02,54.27350427,1283.4,3.38,14.78,5.976863753,13.29,14.4,12.1,78.678,0,0,50,66.667,23.904,40.761,34.264,27.823,0
1817,Sátão,1.13,6.2,30.54,32.11,0.035,55.8,116097.8,0.073,40.5,3.9,6.79,28.48192771,22.26,25.3,76.78,21,17.75,33.38,593,1,18.0962857,0.033,5.67998152851535,0.104766894,0.91,426.6,14.62,0,18.5,56.10315,0.74,48.25581395,1416.2,2.43,9.97,5.795428308,9.66,13.6,10.9,67.204,0,0,75,67.532,39.105,66.667,33.333,5.723,0
1818,Sernancelhe,0.43,4.8,32.03,29.12,0.04,25.4,109622.6,0.035,38.8,2,4.91,31.20162602,24.94,14,100,100,15.18,27.44,287,1,27.7427817,0.0171,6.23924268502581,0,3.54,583.8,17.39,11.1,13.6,61.33122,0,33,1339,0.91,6.28,5.895008606,4.4,20,16.9,76.618,0,0,75,99.984,55.6,66.667,33.333,7.764,0
1819,Tabuaço,-0.42,3.6,31.66,26.1,0.033,37.6,43141.93,0.03,39.2,4.8,7.59,34.35407725,25.55,12.4,70.09,41,16.5,31.82,334,1,27.48063781,0.0398,6.71785028790787,0.387685291,3.18,1332.5,17.9,12.5,11.6,48.60558,0.06,61.11111111,1333.8,1.13,8.35,9.692898273,4.93,25.8,19.3,74.421,0,0,75,100,35.078,66.667,33.333,29.982,0
1820,Tarouca,1.16,5.4,24.54,31.41,0.034,77,140983.3,0.05,39.6,2.9,8.34,29.99808061,24.97,6.7,55.88,0,16.44,34.96,700,1,26.4282353,0.0358,7.32273028495692,0.33675433,3.15,354.2,17.22,18.8,12.7,52.39295,0.03,54.92957746,1374.2,1.65,12.82,4.671968191,6.25,19.4,15.2,76.948,0,0,75,96.26,60.211,66.66,33.333,20.736,0
1821,Tondela,0.51,5.5,31.93,33.45,0.061,69.9,343779.8,0.195,39.1,9.4,5.6,21.38765009,24.4,19.3,82.26,0,16.09,38.9,616,1,26.63595505,0.0412,7.08511650023775,0.185894547,0,962.4,14.94,0,14.3,51.42857,0.03,54.90654206,1312.2,7.14,11.98,13.09557775,25.45,11.4,9.2,69.936,0,0,59.528,66.667,12.182,61.712,33.818,14.989,0
1822,Vila Nova de Paiva,1.73,5.2,32.82,30.12,0.033,27.6,208871.4,0.03,40.3,6.6,8.43,28.72351885,28.76,6,73.44,46,16.11,30.97,477,1,32.16730038,0.1079,6.04796663190823,0.666380052,0,333,7.81,45.5,13.9,68.20988,0.09,38.75,1502.2,0.96,10.58,2.450469239,4.02,20.2,11,83.61,0,0,75,69.403,65.726,66.667,33.333,3.451,0
1823,Viseu,1.48,7.8,23.59,49.54,0.086,204.1,198286.6,0.939,44.1,4.9,7.02,18.68322148,22.19,4.8,69.37,0,15.63,43.22,1273,1.113065327,28.91573527,0.0423,8.23312222763518,0.749212067,0,338.7,14.23,18.5,12.1,61.79644,0.32,44.23963134,1371.1,31.69,12.38,17.73031461,143.39,13.3,7.8,61.538,0,0,66.142,66.667,14.987,66.667,33.338,7.133,0
1824,Vouzela,0.43,4.9,31.52,32.33,0.042,50.6,182663.6,0.064,37.8,8.9,7.81,22.01330798,23.04,23.8,88.68,4,18.6,33.86,516,1,22.89584101,0.1414,7.55118319595852,0.192279249,0,529.8,23.06,0,16.1,42.36818,0.03,46.30872483,1378.7,1.72,13.56,5.955862802,30.36,11.1,15.1,75.476,0,0,50,66.667,27.238,50.474,34.411,19.64,0
3101,Calheta (R.A.M.),1.91,6.9,25.36,33.01,0.137,102,168219.6,0.072,45.1,9.5,11.71,28.61551433,28.45,NA,NA,NA,17.09,49.95,1293,1.8,38.35317073,0.0566,14.7394881170018,0.768211921,NA,468.4,16.83,0,18.7,55.78136,0.03,32.87981859,1668.6,NA,88.41,2.513711152,9.45,15.8,16.2,NA,NA,NA,NA,NA,NA,NA,NA,NA,NA
3102,Câmara de Lobos,1.38,9.3,15.08,31.13,0.027,637.2,120040.4,0.205,38.4,3.5,13.81,23.43911439,16.62,NA,NA,NA,20.85,33.97,2237,1,39.54154728,0.1871,30.1092334982728,6.613093483,NA,919.8,19.18,3.1,12.1,46.76259,0,31.36882129,974,NA,92.94,1.082998786,47.22,14.9,26.2,NA,NA,NA,NA,NA,NA,NA,NA,NA,NA
3103,Funchal,0.53,6.5,21.61,47.15,0.096,1418.6,425262.1,1.103,46.3,5.4,12.05,16.65229722,25.1,NA,NA,NA,16.62,47.68,3061,1.247231013,55.15253574,0.1674,25.1367721766314,6.487568956,NA,814.5,13.29,46.7,13.2,69.99855,0.01,36.40222005,1139.6,NA,87.89,3.86625635,151.77,13.6,19.4,NA,NA,NA,NA,NA,NA,NA,NA,NA,NA
3104,Machico,0.43,6.3,20.52,33.52,0.047,288.3,376975,0.153,39.5,7.4,11.35,21.4521576,20.82,NA,NA,NA,18.92,41.15,1908,1,32.96410856,0.2015,19.6210352876561,2.902508091,NA,744.4,11.48,35.3,13.3,65.53288,0.01,34.66489126,1121.8,NA,92.96,0.79637512,27.16,18.1,17.5,NA,NA,NA,NA,NA,NA,NA,NA,NA,NA
3105,Ponta do Sol,2.39,7.4,21.72,33.07,0.077,192.8,67723.36,0.051,42.8,0.8,11.16,27.72644377,26.27,NA,NA,NA,17.8,42.31,1429,1,58.24797667,0.056,22.1039448966812,0.040966817,NA,701.1,19.97,37.8,14.6,45.08427,0,44.38502674,1298.2,NA,91.83,1.690670006,6.88,14.3,18.8,NA,NA,NA,NA,NA,NA,NA,NA,NA,NA
3106,Porto Moniz,2.73,5.5,29.64,28.19,0.063,31.3,214292.7,0.015,44.2,7.2,11.21,19.3454075,34.44,NA,NA,NA,15.72,49.51,1028,1,50.16813049,0.1081,13.6279926335174,2.42814668,NA,376.7,14.53,NA,19.2,62.1134,0,46.15384615,1259.1,NA,89.87,1.104972376,2.1,22.8,21.2,NA,NA,NA,NA,NA,NA,NA,NA,NA,NA
3107,Ribeira Brava,1.83,6.3,20.8,34.03,0.048,203.5,118592.3,0.087,40,3,13.73,24.04285714,24.22,NA,NA,NA,19.58,37.6,1467,1,55.97822196,0.0803,21.2860780984719,0.30403938,NA,500,21.16,NA,15.4,49.53358,0.11,60.73619632,1131,NA,92.23,1.103565365,16.86,13.9,20.1,NA,NA,NA,NA,NA,NA,NA,NA,NA,NA
3108,Santa Cruz,1.43,7.2,14.68,48.37,0.053,551.2,169603.2,0.319,41.6,5.1,11.27,15.96518607,20.89,NA,NA,NA,19.15,41.77,2269,1.134573304,43.15705766,0.1166,23.5531112105902,2.944507361,NA,375.4,11.85,NA,11.3,61.41801,0.02,45.71428571,1094.4,NA,86.35,1.918526572,53.6,8.2,14.9,NA,NA,NA,NA,NA,NA,NA,NA,NA,NA
3109,Santana,0.43,4.9,28.54,29.98,0.049,68.3,83365.84,0.04,39,6.3,9.91,25.65820643,28.57,NA,NA,NA,19.08,42.66,1023,1,57.85466236,0.2759,11.7493472584856,1.651560926,NA,1719.2,12.28,NA,16,66.53846,0,44.58762887,1186.1,NA,75.72,0.857888847,5.99,14.8,13.8,NA,NA,NA,NA,NA,NA,NA,NA,NA,NA
3110,São Vicente,2.99,7.3,27.36,29.74,0.07,65,94763.77,0.03,41,3.5,11.82,26.98974359,29.61,NA,NA,NA,17.07,48.92,1050,1,59.17710903,0.1641,12.7236580516898,0.420609884,NA,438.7,11.5,NA,14.8,60.39427,0,44.68770122,1349.9,NA,86.08,1.590457256,4.44,14.3,14.9,NA,NA,NA,NA,NA,NA,NA,NA,NA,NA
3201,Porto Santo,2.75,6,18.82,40.6,0.113,134,116508.2,0.051,44.3,11.7,12.52,13.98189563,27.3,NA,NA,NA,9.76,58.46,1873,1,42.92687581,0.0762,18.6920222634508,1.122082585,NA,509.4,13.3,NA,19.1,76.29459,0.19,40.12345679,1325.8,NA,91.74,3.107606679,4.26,15.5,5.3,NA,NA,NA,NA,NA,NA,NA,NA,NA,NA
4101,Vila do Porto,0.04,7.6,17.48,38.28,0.054,56.8,80867.37,0.048,51.6,26.1,3.72,17.0779298,25.35,NA,NA,NA,11.23,49.35,1188,1,27.45293073,0.1095,18.2955071792496,0.142166619,NA,464.3,13.19,NA,14.7,68.2243,0.17,NA,1308.9,NA,76.61,5.974988421,4.31,14.3,6.5,NA,NA,NA,NA,NA,NA,NA,NA,NA,NA
4201,Lagoa (R.A.A.),1.4,8.7,12.83,33.35,0.019,331.9,163349.3,0.112,45.9,3.7,7.44,25.47746479,14,NA,NA,NA,14.44,35.79,1419,1,29.9198056,0.2161,25.2788933511825,3.728748068,NA,436.2,6.48,NA,8.8,73.33333,0.02,NA,1051.5,NA,82.42,5.109326194,15.46,19.4,10.5,NA,NA,NA,NA,NA,NA,NA,NA,NA,NA
4202,Nordeste,0.07,5.9,21.15,27.83,0.026,43.7,82072.55,0.028,41.2,0.6,8.84,29.87692308,24,NA,NA,NA,15.86,45.59,866,1,34.15550826,0.1156,16.1405598570577,1.826484018,NA,660.4,11.74,NA,11.8,62.13592,0,NA,1219.7,NA,86.12,1.488981537,3.83,19.8,22.9,NA,NA,NA,NA,NA,NA,NA,NA,NA,NA
4203,Ponta Delgada,0.41,8.5,15.03,44.91,0.041,296.3,446322.3,0.661,45.7,10.3,7.76,15.58938724,20.26,NA,NA,NA,14.67,43.63,1667,1.037283622,30.78639152,0.1665,18.6172880789165,1.653930702,NA,871.4,8.83,NA,11.8,74.34631,0.01,NA,1230.3,NA,75.54,8.769436549,73.52,13.8,11.2,NA,NA,NA,NA,NA,NA,NA,NA,NA,NA
4204,Povoação,0.27,5.4,17.29,29.79,0.027,55.3,132739.2,0.038,44.1,7.4,10.84,30.89868668,20.1,NA,NA,NA,14.26,46.28,1164,1,35.08297604,0.1003,19.8594847775175,1.99382196,NA,1747.4,11.08,NA,12.8,62.5,0.03,NA,1296.9,NA,78.45,3.887587822,4.91,27.7,15.5,NA,NA,NA,NA,NA,NA,NA,NA,NA,NA
4205,Ribeira Grande,0.36,8.9,10.64,31.95,0.015,179.8,330897.9,0.231,42.8,5,9.16,25.03044872,13.91,NA,NA,NA,15.88,34.51,849,1,24.80227853,0.2141,25.8328160562797,5.877268799,NA,679.5,6.4,NA,12.6,78.85522,0,NA,984.4,NA,83.16,3.85888682,34.06,23.6,12.4,NA,NA,NA,NA,NA,NA,NA,NA,NA,NA
4206,Vila Franca do Campo,-0.29,7.8,14.91,29.76,0.017,133,184955.5,0.072,43,0.4,9.87,32.84275618,14.48,NA,NA,NA,17.2,36.49,1154,1,34.96246649,0.177,23.6826347305389,4.320691311,NA,812.4,3.3,NA,11.1,82.20339,0.02,NA,1056.2,NA,89.55,3.80239521,9.55,22.3,17.6,NA,NA,NA,NA,NA,NA,NA,NA,NA,NA
4301,Angra do Heroísmo,-0.25,6.5,19.28,39.7,0.024,141,192725.4,0.295,43.7,0.5,6.06,16.11713396,22.26,NA,NA,NA,13.87,43.9,1070,1,25.81593132,0.2397,12.8269776236999,3.136851578,NA,379.9,10.92,NA,11.5,67.79755,0.02,NA,1236.2,NA,71.38,4.262527576,37.54,13.8,9.8,NA,NA,NA,NA,NA,NA,NA,NA,NA,NA
4302,Vila da Praia da Vitória,0.62,7.3,18.35,34.69,0.022,123.2,153838.8,0.155,41.1,6.7,6.03,16.67854785,20.25,NA,NA,NA,14.4,45.42,1046,1,31.82918149,0.3207,12.1961102106969,2.330617717,NA,861.8,7.32,NA,14.6,76.44163,0.12,NA,1309.1,NA,73.87,7.387898433,18.5,9.8,11.5,NA,NA,NA,NA,NA,NA,NA,NA,NA,NA
4401,Santa Cruz da Graciosa,-0.73,7.6,21.76,29.8,0.023,67.1,77185.3,0.03,42.3,10.1,5.68,21.64963504,25.11,NA,NA,NA,10.23,44.92,369,1,30.97854652,0.2233,10.6022584692597,2.03870076,NA,2064.4,22.74,NA,12.1,49.57265,0.07,NA,1204.3,NA,85.82,3.074027604,3.41,14.6,10.2,NA,NA,NA,NA,NA,NA,NA,NA,NA,NA
4501,Calheta (R.A.A.),-0.23,6.6,23.65,27.69,0.027,27.6,120689.4,0.024,39.4,4.8,2.69,22.68210863,27.51,NA,NA,NA,13.68,40.69,691,1,31.83886473,0.1932,13.3379888268156,0.081766149,NA,951.1,17.79,NA,10.9,56.43939,0,NA,1359.6,NA,78.56,6.145251397,2.93,11.3,15.8,NA,NA,NA,NA,NA,NA,NA,NA,NA,NA
4502,Velas,-0.06,5.5,20.89,33.62,0.035,42.2,139733.7,0.039,42,8.8,3.53,20.43289474,25.7,NA,NA,NA,12.81,45.77,750,1,25.75317525,0.2656,12.48149975333,0.432098765,NA,608.8,9.36,NA,17.8,71.42857,0,NA,1468.5,NA,74,6.660088801,4.19,19.1,11,NA,NA,NA,NA,NA,NA,NA,NA,NA,NA
4601,Lajes do Pico,-0.11,8.6,24.86,32.84,0.058,28.3,63689.91,0.03,39.9,4.3,4.04,18.77414449,22.26,NA,NA,NA,16.36,44.95,994,1,30.15260116,0.0811,11.1044417767106,0.156054931,NA,554.2,12.26,NA,11.6,63.03191,0.07,NA,1375.3,NA,80.73,2.941176471,3.66,12.7,15.3,NA,NA,NA,NA,NA,NA,NA,NA,NA,NA
4602,Madalena,0.4,7.3,19.97,37.06,0.069,44.6,104025.2,0.051,40.4,4.6,3.93,15.96226415,21.38,NA,NA,NA,12.46,45.45,1220,1,47.40584146,0.1279,14.1112047177759,0.17366136,NA,156.1,17.93,NA,12,55.63218,0,NA,1420,NA,73.93,9.51979781,4.7,12.4,9.8,NA,NA,NA,NA,NA,NA,NA,NA,NA,NA
4603,São Roque do Pico,1.46,5.5,21.24,37.05,0.072,24.3,73183.5,0.025,43.8,15,3.75,19.11921296,23.64,NA,NA,NA,13.54,51.19,1116,1,30.21372719,0.1935,13.2716049382716,0.17905103,NA,597.6,18.97,NA,11.9,64.46886,0.12,NA,1563.9,NA,72.76,4.783950617,2.63,13,11.3,NA,NA,NA,NA,NA,NA,NA,NA,NA,NA
4701,Horta,0,7.7,19.94,41.73,0.075,83.6,98945.27,0.118,43.5,7.7,3.83,14.944777910000001,23.69,NA,NA,NA,12.16,46.43,1069,1,22.65919196,0.1305,13.2718239886444,1.148942133,NA,321.6,6.36,NA,11.4,74.4352,0.14,NA,1320.8,NA,67.1,9.776437189,15.19,13.4,8.4,NA,NA,NA,NA,NA,NA,NA,NA,NA,NA
4801,Lajes das Flores,0.69,7.6,20.74,31.96,0.094,20.8,72496.06,0.01,44.5,10.5,2.82,19.20516129,30.91,NA,NA,NA,15.77,47.9,1179,1,28.76426799,0.0667,13.8333333333333,0.197628458,NA,615.9,29.67,NA,18.9,40.72165,0.21,NA,1842.7,NA,66.17,1.333333333,1.17,18.7,16.1,NA,NA,NA,NA,NA,NA,NA,NA,NA,NA
4802,Santa Cruz das Flores,0.76,5.7,19.16,32.78,0.03,29.8,57661.5,0.016,44.5,18.9,3,19.20516129,28.54,NA,NA,NA,11.3,41.5,1179,1,28.76426799,0.1746,16.2162162162162,0.766609881,NA,1083.8,21.1,NA,21.6,54.11765,0.2,NA,984.2,NA,74.57,2.825552826,1.78,19.2,9.2,NA,NA,NA,NA,NA,NA,NA,NA,NA,NA
4901,Corvo,0.46,2.3,15.36,34.89,0.039,25.5,37578.53,0.003,44.5,9.5,4.37,19.20516129,25.81,NA,NA,NA,9.57,46.79,1179,1,28.76426799,0,24.6753246753246,0,NA,82.1,16.67,NA,23,63.82979,0.26,NA,1581.6,NA,85.06,5.194805195,0.33,60.3,0.8,NA,NA,NA,NA,NA,NA,NA,NA,NA,NA
