municipality_code,municipality_name,beneficiarios_rsi,disparidade_ganho,indice_gini,ganho_medio_mensal,per_pop_ensino_sec_cpmpleto,txt_desemprego,agregados_unipessoais,residentes_65_ou_mais_anos,txt_bruta_natalidade,txt_bruta_crescimento_efectivo,a_apoarrend,prop_vagos,prop_edificado_reparacoes_prof_med,ind_env_edif,consumo_energetico,alojamentos_ar_condicionado,prop_sem_aquecimento,prop_pedonal,prop_transporte_colectivo,pop_risco_pobreza,proporcao_al,txt_esforco_2023,variacao_txt_esforco_2017_2023,prop_fogos_hab_social,aru_oru,prop_drenagem_agua,prop_abast_agua,r_edi_habfa,certificacao_a_c,emicao_co2_transportes,cheias_inu,incendios,inund_galg,movi_massa,nevoes_pon,onda_de_calor,onda_de_fr,seca_ponde,sismo_pord,tsunami_po,ventos_for
1605,Paredes de Coura,10.1,5.1,38.9,1137.3,30.62,5.64,22.39,30.79,4.7,-0.24,7,14.6,14.100742144323386,499.7,1410.8,192,14.820228003507744,10.8,13.4,28.12815126,12.4,21.80186916,0.099458183,0.015701052,1,92,100,9.1,42,13.05,0,68.225,0,14.38,7.261,75.354,100,33.333,34.15,0,82.295
1606,Ponte da Barca,9.46,6,41.1,1053.7,33.32,5.98,23.41,30.16,5.5,0.29,53,12.1,13.77245508982036,409.7,1284.3,367,15.326633165829143,16.8,10.7,31.91397849,3.56,24.34317624,1.969072194,1.552238806,0,86,99,43.5,46,11.9,0.436,77.342,0,42.311,23.429,86.348,100,33.333,33.122,0,59.961
1607,Ponte de Lima,7.08,5.6,40.5,1148.3,35.14,5.19,19.09,24.46,6.7,-0.16,153,8.2,12.967177242888402,349.8,1406.6,1818,23.5656836461126,11.1,16.5,25.85842294,6.48,32.57509941,6.95028281,0.837654567,2,52,98,19,59,76.08,0.777,57.823,0,20.703,1.01,62.543,100,33.333,36.436,2.299,55.549
1608,Valença,24.78,7.1,39.1,1158,37.08,7.48,22.91,26.53,7.1,0.97,38,14.3,14.91764705882353,393.4,1485.1,529,21.646060158700863,13.9,10.5,23.84412955,0,28.9616464,3.262050219,1.113480218,2,69,100,10.3,49,24.12,0,58.199,0.568,16.964,0.932,75.035,100,33.333,39.768,1.904,65.125
1609,Viana do Castelo,16.64,6.9,42.9,1341.1,44.22,6.14,21.93,25.06,7.3,0.22,353,10.4,11.358320961542374,541.1,1414.3,3256,24.737799333131253,13.7,10,19.63800277,0,36.51111707,8.566862538,0.906536497,4,78,98,24.4,55,142.81,0,53.677,7.131,13.8,0.581,37.827,99.862,33.333,38.676,6.938,64.976
1610,Vila Nova de Cerveira,10.08,10.4,40.4,1317.9,38.58,5.76,23.84,27.04,7.5,1.05,36,11.3,10.363694882523337,704.9,1552.5,272,16.65245808468315,12.5,12.1,23.14237288,0,23.7510034,1.702903528,1.01416613,1,61,100,20.8,54,12.6,0,64.204,1.748,17.095,0.174,60.992,100,33.333,34.017,4.82,71.018
0101,Águeda,13.43,10.5,42.9,1280.2,38.47,4.57,20.8,25.71,7.3,1.07,117,12.6,16.435926278445965,636.7,1328.3,2109,19.70586590616787,8.7,5.9,18.48844376,1.51,30.55485305,7.125922453,0.32785452,1,90,99,1.4,43,65.64,0.44,59.749,0,10.729,0.763,47.228,66.667,33.341,44.217,1.069,39.849
0102,Albergaria-a-Velha,16.47,10.5,39.5,1349.1,38.82,4.92,20.32,22.81,6.8,1.51,58,11.4,13.383374590753014,840.6,1258.7,1296,21.33678756476684,10.2,7.3,18.67271458,3.58,28.59790812,3.871641479,0.63992124,0,90,100,0,29,68.63,3.999,47.401,7.93,5.269,0,28.798,66.667,33.333,42.363,8.501,36.196
0103,Anadia,8.85,7.8,43.1,1203.3,38.17,4.33,23.24,29.46,6.2,1.08,34,15.5,19.29473051492687,1137.3,1416.7,1040,19.434694254572328,8.6,7.5,20.77777778,3.51,27.73606662,3.131823342,0.114996956,1,99,100,20,35,47.29,0,44.001,0,4.86,0.001,50,66.667,33.333,51.588,0,37.005
0105,Aveiro,17.37,12.1,45.7,1517.8,54.45,5.7,25.29,21.01,7.4,2.43,511,10.9,8.942202835332607,598.5,1259.1,2436,25.397984963321463,14.9,7.8,15.51187905,9.1,39.41397913,10.40678489,2.175824176,0,100,100,12.6,48,152.28,14.495,19.528,33.043,0.092,0,25,66.63,33.333,56.134,30.441,39.305
0108,Estarreja,33.32,12.5,41,1504.1,37.03,6.24,19.9,24.39,7,1.38,106,14.4,19.286759608719095,654.1,1244.9,835,26.92465192465193,10.6,9.6,20.12727273,1.06,27.99676637,4.285973865,0.378787879,1,80,100,7.1,34,88.51,10.48,25.444,27.229,0.344,0,25,66.667,33.333,56.683,21.056,38.465
0110,Ílhavo,19.3,13.9,44.1,1403.3,46.54,6.34,23.16,21.52,6.8,2.53,93,9.8,13.084610259826782,618.7,1280.9,929,25.8987243911867,9.5,5.4,17.5045977,7.61,37.57242439,9.420424388,0.205104831,1,90,100,10.4,43,59.92,8.508,17.2,56.223,0,0,25,66.664,33.333,55.677,33.717,45.188
0112,Murtosa,9.45,7.7,43.4,1125.2,32.37,5.06,23.45,24.66,7.2,2.89,54,6.9,8.242533008588643,1107.5,1490.6,191,30.335968379446644,11.2,9.9,27.0765625,6.24,32.03475994,3.899928478,1.731319969,2,94,99,37,31,9.06,19.037,18.082,67.444,0,0,25,66.667,33.333,47.398,55.977,45.906
0114,Oliveira do Bairro,18.05,11,40.1,1302.7,41.77,4.59,20.11,23.55,7.4,2.85,53,12.5,17.90614349383903,656.2,1286.2,937,20.83140877598153,8.7,7.1,19.00483092,1.09,28.17583919,5.773485386,0.044216484,6,98,100,7.3,39,38.33,0,29.334,0,0.202,0,34.74,66.667,33.333,65.251,0.999,33.333
0115,Ovar,19.31,9.4,42.4,1363.2,43.36,7.12,19.66,21.47,7.2,1.65,266,8,11.945989435757513,726.2,1289.3,1479,30.16700961860554,12.2,10.1,18.18360196,7.75,32.83827119,4.923732367,0.933422904,1,92,100,1,39,112.42,4.105,26.149,24.98,0.036,0,25.01,66.658,33.333,56.721,14.206,49.102
0117,Sever do Vouga,7.31,11.3,39.4,1292.3,35.45,3.43,23.03,29.46,7.8,0.72,18,16.6,12.679425837320574,718.1,1449.8,725,15.242805755395684,9,10.8,21.59031657,3.66,20.72812701,-0.326847568,0.264182425,0,64,87,38.1,33,17.95,0,69.484,0,23.449,1.258,50,66.667,33.333,33.434,0,54.741
0118,Vagos,14.47,8.8,41.3,1275.4,37.59,5.01,21.93,24.07,7.8,2.88,43,10,17.068227876604368,270.8,1418.4,493,21.3474119132331,7.3,9.5,22.72434916,3.93,32.20374876,7.220821688,0.319683361,1,92,100,0,45,33.82,1.512,38.976,12.662,0.121,0,25,66.667,33.333,65.434,7.365,37.892
0111,Mealhada,7.61,11.3,40.8,1340.5,42.44,4.81,21.77,25.99,5.9,1.19,43,15.1,15.482380127094164,735.6,1254.9,846,17.174623937213866,10.6,10.8,17.51068229,2.42,23.68573824,2.598524584,0.3658067,3,87,100,25,46,34.35,0,41.972,0,5.804,0.024,50,66.667,38.023,45.993,0,35.835
0601,Arganil,16.69,6.1,38.1,1070.2,31.92,5.22,27.8,33.28,5.2,1.18,8,11.7,17.61070110701107,2289.8,1448.6,370,13.084311632870865,15.5,10.8,22.71401152,4.25,22.61954262,1.057254441,0.218958124,1,63,92,7.7,34,9.43,0,86.047,0,24.123,24.416,75,66.667,66.667,39.211,0,90.619
0602,Cantanhede,13.37,8.6,41.7,1290.3,38.02,5.29,23.66,30.31,7,1.37,49,13.4,15.337014470677838,607.1,1385.3,946,17.988027449262667,10.1,8.1,22.73274336,1.04,25.73590821,2.239404713,0.052676947,1,98,99,17.6,51,58.3,0,40.552,3.188,0.088,0,35.296,66.667,33.382,56.17,0.798,36.174
0603,Coimbra,24.63,10.2,47.2,1418.6,58.68,6.26,28.41,25.23,7.5,1.42,830,19.4,12.652677350009771,927.4,1377,10622,21.506506506506508,11.1,13.5,13.90764156,5.18,33.89088467,4.597733997,1.016974133,3,100,100,13.6,44,216,0.937,43.024,0,8.289,0,50,66.667,63.373,46.969,1.792,34.621
0604,Condeixa-a-Nova,8.18,9.6,41.4,1237.9,49.95,4.47,20.9,22.79,7.8,1.85,30,16.1,17.829457364341085,882.8,1171.6,1010,17.308299147996216,8.7,7,14.35430666,2.12,25.81663548,4.873575798,0.229829442,0,88,100,23.5,56,48.93,0,44.168,0,7.257,0,50,66.667,66.667,44.783,0.374,36.049
0605,Figueira da Foz,29.69,12.6,42.9,1395.5,44.37,8.13,26.92,28.28,6.8,1.19,382,13.3,14.596569250317662,1337.5,1398.7,1091,28.534223162692275,13.8,8.9,17.03097893,6.71,35.66502216,9.971128417,1.274838944,4,95,100,44.8,46,101.75,2.603,37.68,13.541,1.31,0,25.091,66.666,33.333,53.491,11.91,50.81
0606,Góis,15.66,1.8,36.5,1001,29.76,5.78,29.81,37.73,6,0.58,3,10.9,17.317992461813134,4328,1380.5,121,11.376146788990829,17.8,15.2,21.37616387,6.66,36.89726443,3.183617438,0.117970901,1,43,100,60,16,3.31,0,88.102,0,29.05,28.611,75,66.667,66.667,36.838,0,94.53
0607,Lousã,25,9.7,40.2,1220.6,44.69,6.59,24.48,22.86,6.2,1.39,40,16.8,15.993877941457816,940.4,1317,1076,15.64102564102564,13.6,10.5,18.00806994,6.22,23.82699558,4.361557787,0.203409531,10,80,100,30,46,13.67,0,70.925,0,20.03,13.378,67.439,66.667,66.667,40.737,0,57.996
0608,Mira,7.87,8.1,42,1144.4,38.57,5.76,24.99,30.79,6.5,1.56,4,14.5,15.128234097842054,425.8,1717.6,236,16.241393276630216,9.9,6,22.84473198,7.31,23.08303961,-4.382976968,0,0,69,100,5.3,52,17.01,0.121,53.026,24.59,0.006,0,25,66.664,33.333,66.213,7.314,45.631
0609,Miranda do Corvo,16.42,5.8,38.3,1098,38.13,5.37,24.15,26.93,5.6,1.25,13,21.7,24.91049297714128,1651.1,1242.9,508,18.714555765595463,11.6,15.8,18.86087625,3.22,25.27261385,3.771631531,0,0,63,100,32.4,52,12.78,0,71.303,0,18.424,7.257,51.893,66.667,66.667,41.65,0,45.271
0610,Montemor-o-Velho,12.87,8.3,39.3,1195.2,40.33,5.29,21.39,26.04,7.1,0.97,25,16.4,16.53253102670177,1115.2,1246.4,842,23.121266114663033,7.8,11.5,16.44198895,1.17,24.25072372,3.170436678,0.030061626,2,71,100,9.5,46,29.24,0,28.791,0.016,0.573,0,40.132,66.667,35.311,56.852,16.228,33.333
0611,Oliveira do Hospital,14.84,5.4,37.3,1110.7,33.92,5.74,23.28,28.37,7.8,0.75,26,13.5,14.711801063676871,1171.1,1292.9,810,12.615030674846626,14.7,10,22.47843137,3.57,19.66299925,-2.165490014,0.294519072,0,100,100,48.3,41,19.5,0,79.122,0,15.517,9.016,75,66.667,66.667,33.698,0,85.324
0612,Pampilhosa da Serra,13.44,2.8,34.9,1061.5,21.38,3.86,35.49,45.86,3.1,1.06,1,10.3,13.520271477049471,2903.3,1132,109,3.4679089026915113,18.1,11.4,20.6462963,3.21,36.22830708,3.512006916,0,0,44,100,66.7,25,3.48,0,92.709,0,26.574,38.281,75,66.667,66.667,33.864,0,99.194
0613,Penacova,12.58,12.7,37.3,1258.2,30.4,3.84,23.01,32.1,5.8,0.25,7,17,10.792741165234002,1062.8,1318.1,402,15.897047691143074,7.8,15.7,23.72102161,3.95,22.30985915,-10.83459639,0.129854799,3,48,96,40,44,11.84,0,67.133,0,15.537,0.01,56.141,66.667,66.667,34.389,0,48.311
0614,Penela,13.82,7.9,40.2,1175.5,34.7,4.36,27.98,31.97,5.5,1.82,6,25.9,37.46562786434463,1410.1,1339.5,226,18.432769367764916,12.4,12.7,22.01083032,5.59,37.12861295,2.079384129,0,0,38,80,11.1,33,12.31,0,65.305,0,18.606,8.379,54.151,66.667,66.667,34.436,0,47.105
0615,Soure,11.67,13.9,37.9,1236,36.52,5.16,26.41,33.47,4.9,0.37,43,20.1,27.825700311249445,1240.4,1331.7,705,17.01388888888889,9.5,15.5,16.12545587,1.26,21.11790057,0.574126409,0.122871687,1,71,100,0,43,30.47,0,46.783,0.009,4.039,0.001,47.983,66.667,51.497,44.291,6.672,37.279
0616,Tábua,21.76,11.4,38.9,1159.4,31.72,5.52,24.65,29.78,7.4,1.56,16,11.8,21.02900552486188,1640.4,1318.9,486,11.74772373972907,12.8,11.7,25.18467583,2.43,23.68077388,-1.036799791,0,0,78,82,0,27,9.37,0,70.392,0,6.16,0.017,75,66.667,66.667,33.545,0,75.189
0617,Vila Nova de Poiares,15.49,9.5,38,1178.4,36.09,5.52,24.35,25.8,8.5,1.68,7,12.6,11.59485675614708,1966.7,1341.6,353,19.949856733524353,11.7,7.8,21.06743738,1.42,21.7560903,0.726883066,0,0,46,100,44.4,44,5.65,0,76.375,0,14.928,0,58.748,66.667,66.667,37.404,0,46.498
1808,Mortágua,10.36,11,39.5,1337.1,30.3,4.11,22.92,35,5,0.5,16,18.1,9.624375302273094,407,1360.2,299,11.138079827400215,12.3,12.2,22.01330798,1.88,19.63779873,0.168806859,0.940642232,1,85,100,35.5,48,7.46,0,66.407,0,11.298,1.951,50.352,66.667,62.502,35.917,0,47.831
1007,Castanheira de Pêra,24.33,7.7,37,1076.2,27.36,7.63,31.15,38.3,6.2,1.68,6,17.4,22.922102124487516,1142.6,1340.3,126,12.52129471890971,16.3,10.8,23.36193029,6.44,37.0785425,6.224602915,0.593251761,0,92,99,83.3,17,2.48,0,84.183,0,19.879,38.639,75,66.667,66.667,33.333,0,89.065
1008,Figueiró dos Vinhos,27.53,2.4,38.3,1077.2,30.65,6.45,30.92,35.18,5.5,1.04,5,18.3,23.242027800490597,1261.4,1425.9,289,17.784380305602717,13.5,10.4,24.20092379,3.55,36.34285714,4.791264786,0.180433039,0,37,100,0,33,5.9,0,89.523,0,24.112,13.662,75,66.667,66.667,33.333,0,65.737
1009,Leiria,13.85,9.9,42.9,1334.9,48.02,4.87,24.03,22.27,8,1.64,530,11.4,9.440027308802822,468.7,1403,5344,20.19995720760149,10.6,7,15.95803357,1.95,32.22878457,6.275493703,0.156721616,1,92,100,28,53,234.61,0,41.215,1.102,3.773,0,46.331,66.513,34.586,49.316,1.254,43.41
1010,Marinha Grande,23.35,14,40.8,1515.6,45.89,6.47,24.63,23.3,7.2,1.84,154,13.9,9.676540069053244,563.9,1386.3,1186,22.82960199004975,12.4,4.7,15.58942632,5.44,26.8658086,5.822369077,1.26233647,1,100,99,10,41,36.2,0,57.413,5.296,0.064,0,31.788,66.287,33.333,63.497,2.694,62.965
1013,Pedrógão Grande,31.83,0.3,38.8,1080.2,29.97,8.44,31.76,35.52,6,2.48,5,11,11.75645342312009,854.6,1629.8,203,13.994743758212875,16.4,11.5,25.55575221,2.89,37.43623284,4.500062631,0.699105145,0,43,100,62.5,24,3.04,0,84.175,0,6.848,6.434,75,66.667,66.667,33.538,0,71.987
0208,Ferreira do Alentejo,25.81,5,41.7,1230.3,32.35,7.53,28.99,29.13,7.5,-0.13,3,21.2,6.479893272346103,2388.2,1448.6,1159,16.68802049967969,26.8,17.2,23.70934256,5.53,29.06763036,0.735551895,0,1,100,99,0,20,23.87,0,21.211,0,0.056,0,72.129,66.667,79.33,43.1,0.257,33.333
0209,Mértola,21.84,1,37.3,1038.6,29.02,6.67,33.97,36.8,4.4,-1.16,18,21.6,11.126500461680518,1727.6,1688,992,19.701699618453,25.1,13,22.6221374,4.21,31.83692669,2.748664629,0.539052644,0,74,99,36.4,28,5.65,0,31.123,0,1.09,0,57.993,33.848,100,33.259,0.2,33.284
0210,Moura,133.66,3.2,40,1137.2,32.78,16.51,27.29,26.23,8.9,0.08,27,14.4,11.919054996127034,3086.4,1583.9,2641,12.747128601016758,35,7.9,23.361426260000002,1.66,27.01039501,1.31847633,0.45045045,0,91,92,57.1,17,11.78,0,28.424,0,1.099,0,100,33.333,100,37.101,0,36.259
0212,Ourique,13.5,2.8,40.9,1117.8,31.62,7.13,32.89,34.41,5.6,-0.92,19,9.6,10.541044776119405,2658,1629.1,480,21.649009672961768,27.3,11.3,19.83877996,1.82,30.71244896,2.038739571,0.966628308,1,71,83,33.3,25,20.9,0,31.485,0,1.883,0,62.471,65.859,92.671,36.538,0,34.111
0213,Serpa,63.62,4.2,40.6,1102.1,33.07,10.83,26.69,28.28,6.6,-0.42,6,13.1,8.66577591143348,2473.3,1511,2182,18.306878306878307,29.7,10.3,23.89001692,2.28,32.03786982,2.789928377,0,0,100,100,36.7,25,12.13,0,25.318,0,0.441,0,82.107,33.333,100,34.187,0,33.358
0214,Vidigueira,62.68,8.7,39.4,1219,35.13,8.35,28.22,27.9,5.9,0.61,18,19.1,15.142857142857144,4265.1,1603.3,750,24.068767908309457,22.5,12.6,19.52957172,0,30.0310605,1.334471634,0,0,95,97,55.6,25,4.61,0,30.312,0,2.403,0,83.656,52.82,100,40.245,0,33.984
1211,Monforte,135.25,7.7,NA,1201.1,29.17,7.9,28.43,28.78,8.6,0.5,5,12.5,7.974413646055437,4604.8,1284.8,346,16.096207215541167,33.5,14.4,18.26463878,1.23,22.28375957,-0.406994569,2.687060769,0,92,92,33.3,16,2.58,0,32.231,0,0.12,0,85.514,56.383,66.667,33.333,0,33.333
1212,Nisa,28.72,5.7,38.5,1036.6,30.36,7.54,32.57,40.74,5.3,-0.92,4,16.1,16.440464530572267,2806.5,1692.3,879,9.159442140972484,30.3,8.3,19.54256234,3.56,22.99159664,-0.044077412,0.054112554,1,94,98,50,19,5.78,0,60.201,0,3.652,0,77.438,66.667,66.667,35.304,0,33.303
1213,Ponte de Sor,21.41,9.8,40.9,1179.5,34.57,7.93,26.77,29.27,6.8,-0.55,58,14.2,10.119840213049269,969.3,1524.3,2118,15.914826498422713,23.2,7.9,23.23042506,5.72,27.84037631,-1.211589535,0.483412322,1,93,92,23.1,30,12.98,0,30.968,0,0.258,0,75,66.667,66.667,42.522,0,33.722
1214,Portalegre,18.01,7.9,42,1262.3,45.7,5.83,27.62,27.43,6.1,-0.73,158,17.4,13.625503447334289,3523.8,1445.5,3827,11.849680728566945,15.2,7.7,15.29684211,2.86,19.73860974,-1.984017995,3.363319012,2,82,99,11.1,29,28.43,0,54.376,0,6.737,0.034,79.813,61.607,66.667,33.591,0,56.152
1215,Sousel,33.62,8.9,40.3,1127.5,32,8.04,29.49,33.1,5.7,0.05,10,21.6,9.090909090909092,5906.9,1721.6,697,17.895299145299145,22.4,11.6,20.62700229,3.76,24.52846806,-0.671901659,1.375033702,2,99,100,50,14,3.94,0,24.24,0,0.408,0,75,66.667,66.667,33.333,0,33.394
1201,Alter do Chão,46.75,8.5,38.4,1103.3,31.09,7.26,30.28,35.74,5.3,1.31,48,19,12.26321036889332,5694.7,1574.8,442,19.34477379095164,33.6,8.6,16.53894737,4.09,22.67073703,-0.131604764,5.35483871,2,90,100,71.4,17,2.77,0,30.16,0,0.123,0,75,66.667,66.667,34.791,0,33.334
0907,Guarda,28.71,11.5,42.5,1330.6,48.6,6.47,24.91,25.26,6.8,0.09,92,11.9,10.916385135135137,852.7,1317.5,995,7.957251908396946,16.6,7.1,16.70128119,1.21,21.13487465,1.150826148,0.245933317,0,96,95,50,38,73.86,0,79.756,0,14.411,64.914,100,85.917,66.667,34.019,0,73.146
1709,Ribeira de Pena,33.45,8.8,41.3,1206.7,25.91,7.99,26.47,31.34,5.1,-0.36,16,7.9,16.279992068213364,568.5,1285.5,91,10.224438902743142,21,18.2,35.21550095,1.03,31.36281938,2.679824609,0.734272673,0,58,98,14.3,23,10.95,0,78.816,0,31.319,41.556,75,100,33.333,33.338,0,61.732
1015,Pombal,16.42,9.8,39.4,1241.4,35.94,4.52,25.25,28.98,6.9,1.05,106,16.1,12.033758262511803,767.4,1440.3,1623,18.21408018415499,12,10.2,19.48548278,1.66,28.20090325,3.779087704,0.401570851,1,65,100,0,52,108.15,0.142,49.163,0.972,4.699,0.003,45.431,66.667,49.489,46.167,0.503,39.495
1016,Porto de Mós,14.25,10,39.1,1331.4,38.18,4.29,24.14,24.97,8.2,1.29,23,15.1,11.257575757575758,935.3,1399.3,1016,19.63130659767141,10.6,9.8,17.0728022,4.23,24.56510824,5.106696394,0.053378069,0,59,100,29.4,31,20.14,0,61.209,0,13.139,0.152,54.797,47.855,33.333,67.191,0,59.56
1002,Alvaiázere,20.54,6.7,37.9,1135.6,29.96,5.31,30.67,37.06,5.5,1.93,23,21.6,20.710162672730455,1951.8,1406.8,244,17.758369723435223,12.5,12.4,24.45774648,2.94,21.28078818,-10.23400346,0.544402858,1,33,100,47.1,24,9.56,0,60.831,0,10.486,0.027,74.077,66.667,66.667,33.799,0,38.343
1003,Ansião,19.24,13.4,39,1182.5,34.62,5.4,26.14,32.41,5,0.55,8,19.7,18.050837530748503,892.5,1293.1,476,18.0269989615784,13.4,10.1,21.7744511,5.17,22.5486541,0.717834163,0.011636025,0,46,92,25.6,39,11.97,0,50.434,0,4.92,0.005,55.397,66.667,66.667,33.333,0,36.166
1004,Batalha,11.65,11,41.1,1294.8,41.71,4.82,21.75,23,7,1.97,7,14.5,12.635677206229351,480.8,1398.2,891,18.30985915492958,7.7,6.1,17.34314381,3.86,25.5878661,5.542308016,0.011899096,0,80,100,0,49,20.07,0,52.509,0,8.396,0.001,55.455,66.667,33.333,61.67,0,53.263
0901,Aguiar da Beira,15.16,3.7,37.8,1016.9,24.52,6.22,25.18,38.46,5.1,0.45,4,21.7,11.34737678855326,682.6,1458.1,184,10.621147463252727,17.6,11.6,26.00483092,2.2,31.61139654,3.851270955,0.159140641,0,82,98,28.6,62,4.25,0,71.16,0,5.956,49.966,75,81.386,66.667,33.333,0,77.871
1802,Carregal do Sal,20.2,9.6,38.1,1207.8,30.53,6.23,25.21,31.67,6.7,0.91,31,17.4,16.56259292298543,1320.2,1340.9,412,11.476725521669342,11.2,11.1,22.43304348,0.52,21.26538294,1.916399539,0.754884547,1,78,100,53.3,33,7.64,0,69.025,0,6.795,0,75,66.667,66.667,33.333,0,58.936
1803,Castro Daire,27.86,6.8,39.1,1078.7,26.58,8.55,25.5,32.36,4.5,0.42,5,12.4,8.531392738251917,790.5,1393.9,254,15.476190476190476,19.3,18.2,31.81124072,3.3,25.40749454,3.408641459,0.069198831,0,67,95,26.5,51,22.17,0,82.55,0,23.497,50.842,61.795,67.392,50.701,33.83,0,73.551
1806,Mangualde,25.16,14.9,39.3,1342.5,33.64,7.94,22.18,29.5,6,0.93,33,17.8,17.922686450605234,1144.4,1344.9,943,13.10344827586207,11.7,8.3,21.17488076,1.56,21.94061028,3.507564435,0.779241019,0,81,96,7.8,31,36.88,0,73.038,0,7.894,14.227,75,66.667,66.667,33.333,0,77.949
1809,Nelas,20.49,10.7,39.8,1305.6,34.97,6.77,23.05,30.65,7.2,1.38,34,17.5,12.54099287572091,1016.9,1294,633,13.05991305991306,14.1,8.7,20.91401869,4.34,20.46331722,1.178688125,0.513278286,0,90,90,35.3,39,10.9,0,63.315,0,6.451,0,75,66.667,66.667,33.333,0,38.147
1810,Oliveira de Frades,6.72,9.7,38.1,1391.3,35.25,6.84,21.75,24.89,6,0.79,21,11.9,21.73913043478261,683.4,1367.9,221,15.56642216788916,12.6,11.1,20.27324478,4.31,25.6854804,4.304245924,0.406160095,0,42,94,22.2,39,14.28,0,71.088,0,20.373,10.85,50,66.667,35.559,33.594,0,60.976
1811,Penalva do Castelo,17.94,8.4,38.3,1089.9,25.47,7.61,23.42,34.95,4.6,0.98,18,17.5,14.480439015755,696.9,1322.4,219,12.633759061097688,14.7,13.6,29.31588785,1.24,31.00557379,2.597305604,0.473352034,0,97,97,42.9,37,6.18,0,69.326,0,10.748,19.893,75,66.667,66.667,33.333,0,82.481
1814,Santa Comba Dão,21.76,7.8,39.6,1126,33.22,5.9,24.5,32.51,6.4,0.88,28,14.6,14.03999440637673,860.6,1303.8,669,11.905860636825103,12.1,12.4,22.94899818,2.48,24.18869866,1.274630222,1.625792229,0,81,100,25.9,50,9,0,64.323,0,4.215,0,73.783,66.667,66.667,33.333,0,58.741
1816,São Pedro do Sul,14.67,5.9,40.3,1029.1,31.5,9.26,25.88,32.81,5,0.65,17,14.6,22.704364909882976,918.9,1283.4,372,14.781491002570691,14.4,12.1,25.89057239,11.24,34.20182341,9.169882381,0,1,44,72,0,35,13.29,0,78.678,0,27.823,23.904,50,66.667,40.761,34.264,0,57.367
1817,Sátão,28.53,3.9,40.5,1001.5,32.11,6.79,22.26,30.54,6.2,1.13,9,18.5,14.621492853361568,426.6,1416.2,251,9.97460170861233,13.6,10.9,28.48192771,0.91,18.0962857,2.349992452,0.104766894,0,100,100,0,21,9.66,0,67.204,0,5.723,39.105,75,67.532,66.667,33.333,0,75.86
1821,Tondela,12.39,9.4,39.1,1306.3,33.45,5.6,24.4,31.93,5.5,0.51,36,14.3,14.943379047402264,962.4,1312.2,1377,11.982881597717546,11.4,9.2,21.38765009,0,26.63595505,1.924524043,0.185894547,0,79,85,0,40,25.45,0,69.936,0,14.989,12.182,59.528,66.667,61.712,33.818,0,57.118
1822,Vila Nova de Paiva,16.54,6.6,40.3,1048.4,30.12,8.43,28.76,32.82,5.2,1.73,15,13.9,7.813172621609987,333,1502.2,47,10.583941605839415,20.2,11,28.72351885,0,32.16730038,4.267016379,0.666380052,0,98,99,45.5,69,4.02,0,83.61,0,3.451,65.726,75,69.403,66.667,33.333,0,82.188
1823,Viseu,26.13,4.9,44.1,1255,49.54,7.02,22.19,23.59,7.8,1.48,341,12.1,14.22644374216557,338.7,1371.1,6915,12.376605728058257,13.3,7.8,18.68322148,0,28.91573527,5.710846229,0.749212067,0,96,98,18.5,56,143.39,0,61.538,0,7.133,14.987,66.142,66.667,66.667,33.338,0,50.677
1824,Vouzela,8.87,8.9,37.8,1127.6,32.33,7.81,23.04,31.52,4.9,0.43,28,16.1,23.06432400238237,529.8,1378.7,224,13.56022334485509,11.1,15.1,22.01330798,0,22.89584101,-3.462898932,0.192279249,0,47,89,0,48,30.36,0,75.476,0,19.64,27.238,50,66.667,50.474,34.411,0,68.939
0502,Castelo Branco,25.35,7.3,42,1199.5,47.11,5.67,27.89,28.46,7.6,0.81,232,13,11.275177949416932,1579.4,1555.9,10030,10.402580759202792,22.8,6,16.9787508,1.1,22.6118817,1.993699889,0.755453272,1,78,99,9.2,41,64.61,0,54.942,0,4.642,3.393,92.073,67.281,66.667,33.978,0,47.785
0505,Idanha-a-Nova,63.98,1.5,38.1,1171.5,26.66,7.11,34.11,42.81,5.8,0.58,2,13.4,14.087478698368905,1285.1,1568.8,1297,11.093585699263931,31.8,10.3,23.89724771,3.37,26.26861811,1.074182247,0.079189104,0,76,99,29.5,17,7.54,0,47.182,0,2.583,1.473,100,95.891,66.667,33.298,0,34.016
0506,Oleiros,7.63,10.6,39.8,1187.9,25.18,3.23,34.76,45.64,5.3,0.53,1,9,13.53279175747969,1361.8,1322.1,187,4.2907180385288965,19.3,8.8,24.45758355,1.19,25.95797043,-0.410195215,0,0,59,100,22.2,37,4.44,0,87.088,0,20.036,34.611,75,66.667,66.667,33.643,0,98.743
0507,Penamacor,32.63,2.5,37.3,1058.5,27.1,7.35,35.74,44.42,3.7,0.5,1,15.9,13.393771019154846,1136,1494.7,534,9.188492915414342,21.1,15.1,23.86907449,2.79,25.36810869,1.237841249,0,3,94,98,50,12,4.41,0,61.156,0,7.802,22.406,100,97.23,66.667,34.498,0,42.188
0508,Proença-a-Nova,13.2,10.4,39.2,1202.1,32.49,5.83,30.51,38.31,4.5,0.16,1,8.3,15.557595227168424,819.6,1464,650,13.527342500799488,20.6,11.1,22.72434608,1.83,24.47739602,-0.225776337,0,1,50,100,55.6,46,6.46,0,71.742,0,9.555,8.455,75,66.667,66.667,34.161,0,53.915
0509,Sertã,21.39,4.7,39.3,1083.9,34.27,5.55,28.72,31.11,5.6,0.56,13,11.3,15.75240304938681,1053,1376.9,802,13.345983554712207,13.1,9.4,27.47698745,2.21,27.26668273,1.639160398,0.249128052,0,33,100,0,37,12.33,0,77.987,0,10.987,9.325,75,66.667,66.667,33.604,0,72.977
0510,Vila de Rei,11.28,1.4,36.3,1007.7,30.37,4.79,30.42,40.87,5.5,0.38,8,6.7,12.388503468780971,666.7,1401.8,147,13.400464756003098,14.8,11.6,19.61220826,3.79,30.88892159,4.257560402,1.222736286,2,42,100,30.4,45,2.68,0,85.804,0,17.509,0.211,75,66.667,66.667,35.08,0,62.207
0511,Vila Velha de Ródão,23.11,14.7,37.4,1547.3,27.89,6.48,30.63,45.69,6.5,1.75,21,11.7,9.630048009036996,1948.6,1495.1,513,12.171507607192254,21.1,13,18.0534846,2.81,22.09357998,0.628212589,0,0,95,100,25,43,24.75,0,57.506,0,9.367,0.038,79.19,66.667,66.667,35.668,0,35.147
0504,Fundão,31.48,6.8,40.5,1186.9,35.89,6.45,29.08,32.5,6.2,1.12,132,16.1,18.24768847795163,849.9,1578.5,2926,8.361435365326415,22.7,8.7,22.32939189,0,26.14545721,1.374619772,0.088479915,5,82,88,11.1,40,39.24,0,65.343,0,10.383,18.285,95.611,66.667,66.667,33.796,0,69.346
0902,Almeida,14.71,7.5,37.9,1083.5,28.12,6.58,32.51,44.13,3,-0.74,2,11.3,13.514315383474262,1745.2,1616.9,159,6.5980167810831425,22.4,9.4,20.67799353,0.58,22.59414226,1.636705189,0.334156618,2,100,100,56.3,35,15.99,0,72.194,0,2.701,59.328,100,99.999,66.667,32.781,0,63.489
0903,Celorico da Beira,27.91,19.7,39.2,1165.1,28.96,7.55,28.17,35.11,5.6,0.45,5,19.9,19.714738510301107,537.4,1418.2,198,8.513657325292657,18.2,12.4,24.98100173,0,24.59949891,2.026295712,0.171499844,1,81,100,45.5,26,19.16,0,78.013,0,14.415,28.418,94.416,67.783,66.667,34.909,0,65.755
0904,Figueira de Castelo Rodrigo,58.89,1.8,40.5,1036.3,26.28,8.27,29.14,38,5.6,-0.46,7,18,19.004938723248586,1773.4,1356.2,198,7.192254495159059,28.2,11.2,28.10526316,6.55,26.63159626,1.504291606,0.340379792,0,100,100,0,18,4.86,0,70.639,0,8.239,29.671,100,99.999,66.667,35.737,0,50.355
0905,Fornos de Algodres,24.28,5.4,39.2,1011.3,27.45,6.63,27.88,36.29,5.2,0.39,6,16,13.175760623585616,1503.8,1292.9,141,12.92590589507842,19.2,10.9,27.61594203,3.47,25.75516694,2.353695148,0.443896424,0,100,100,50,26,12.55,0,77.547,0,11.886,21.456,75.69,67.115,66.667,34.382,0,87.283
0906,Gouveia,30.94,5.5,39.1,1098.8,30.23,6.84,28.92,38.2,4.9,0.64,43,19.9,12.476489028213166,1383.6,1266.8,416,9.052550824702724,17.5,13.2,24.84044944,3.68,19.35928051,-3.166530311,0.210268092,1,95,100,0,24,10.91,0,83.799,0,16.707,44.557,91.856,66.667,66.667,34.176,0,99.634
1712,Valpaços,41.52,0.6,40.2,1006.7,22.98,6.79,29.96,40.47,4.7,-0.4,47,10.6,15.68440366972477,680.5,1474.8,507,7.547169811320755,24.3,10.5,38.14754098,0,22.38461538,-0.858719979,0.289603244,0,98,98,6.7,44,13.11,0,67.494,0,10.095,33.024,83.289,100,45.598,33.376,0,61.845
1713,Vila Pouca de Aguiar,26.25,3.4,41,1061.5,27.59,8.65,25.57,34.52,4.1,0.4,61,9.5,14.330187761455395,468.9,1395,139,6.991185897435898,19.4,16.1,32.17759839,0,23.99395922,-3.456243568,0.242154204,0,100,100,10,45,26.07,0,77.579,0,15.932,63.035,75,100,33.333,34.997,0,70.216
0106,Castelo de Paiva,14.17,7.3,36.9,1077.4,30.16,7.06,15.53,20.86,5.6,-0.34,26,12.9,14.91032857703888,794.2,1216.7,1173,22.557061340941512,11.2,20,28.10268949,1.55,25.3540856,1.186253434,0.542184607,4,18,100,40,44,17.75,0,74.567,0,27.953,0.203,50,66.667,33.333,33.333,0,38.696
0305,Celorico de Basto,22.65,3.8,39.5,1015.3,30.23,7.17,21.52,23.9,4.8,-0.1,17,13.1,20.11557512383049,435.3,1208.4,465,12.568140520896426,11.7,20.8,31.43373494,5.79,25.42725294,0.880040332,0,5,34,88,0,49,20.04,0,67.208,0,23.073,17.542,75,100,33.333,33.333,0,62.173
1301,Amarante,30.82,4.9,42.1,1133.8,35.17,9.42,18.89,22.22,5.7,-0.13,310,12.7,15.612890067305733,402,1326.1,3066,20.82505729564553,11.2,19,30.67085202,2.87,27.69596827,1.449343605,0.845435331,1,77,92,24.3,52,93.51,0,65.65,0,28.681,17.635,74.514,100,33.333,33.333,0,55.095
1302,Baião,48.88,6.4,38.1,1039.5,27.34,9.28,19.81,22.97,5.5,-0.66,20,18.8,27.183157894736844,710.3,1360.4,700,25.71599045346062,13.5,27.4,32.09081935,4.56,19.00409802,-6.111612875,0.049554014,0,41,82,35.3,38,15.93,0,76.217,0,39.83,29.814,66.743,90.528,33.333,33.333,0,62.869
1303,Felgueiras,18.43,7.3,39,1096.3,32,7.29,15.15,18,7.1,-0.37,150,11,9.036860879904877,481.3,1265,5031,27.856245287760743,17.3,12.6,24.472103,0,21.74543122,-1.476920844,0.730840669,4,44,90,4.3,42,84.99,0,45.96,0,12.981,0.991,75,100,33.333,33.333,0,51.916
1305,Lousada,14.11,6.8,39,1076.2,32.33,7.63,13.94,15.38,7.5,0.71,187,9.6,14.62720830422198,236.5,1299.5,4063,33.995809637832984,12.5,16.2,26.446183950000002,0.99,25.40767,4.655143106,1.407061267,0,86,89,17.5,51,77.79,0,46.251,0,8.333,1.023,57.552,100,33.333,33.333,0,45.317
1307,Marco de Canaveses,38.37,6.8,41.2,1087.3,32.1,9.3,16.38,18.2,6.8,-0.15,63,12,13.951632213265224,423,1448.4,3845,27.200000000000003,14.3,19.8,31.68473896,2.44,27.27569775,2.470920539,0.328275752,0,51,54,7.7,45,63.28,0,60.348,0,25.677,5.401,53.38,87.626,33.333,33.333,0,43.458
1309,Paços de Ferreira,23.04,5.6,38.7,1104.1,31.8,7.67,13.92,16.27,7.6,0.16,171,8.8,11.59692417739628,285.4,1273,4085,34.3967730106344,14.7,10.8,26.49595142,1.03,29.19675852,3.152694066,1.062650157,1,100,95,22.2,45,88.29,0,42.108,0,4.301,0.468,50,100,33.333,33.333,0,65.995
1311,Penafiel,26.14,4.8,41.4,1180.5,35.76,8.03,16.64,17.8,7.4,0.14,363,11.5,14.960456942003514,366.6,1358.3,5161,32.96000635450177,11.4,21.9,26.65784114,1.55,29.24929798,3.55036408,0.849723124,2,86,99,32.6,46,121.91,0,56.991,0,13.862,0.323,50,95.08,33.333,33.333,0,44.316
1804,Cinfães,38.22,4.9,39.8,1080.7,25.96,9.9,20.45,25.38,5.2,-0.8,71,11.7,14.642386288727751,946,1292.7,909,22.264875239923224,16.1,26.2,38.12406948,1.21,26.99505223,2.557192546,0.237510238,5,34,53,38.5,34,17.72,0,79.787,0,41.938,40.306,50,66.667,33.333,33.433,0,69.161
1813,Resende,43.7,4.3,42.8,1021.3,27.6,9.05,22.89,25.44,5.2,-1.38,8,12.4,18.527655154505325,879.4,1167.8,351,25.78005115089514,16.9,22.2,40.34218289,39.77,24.57663629,-3.792215138,0,0,74,88,27.3,30,8.82,0,77.591,0,47.96,48.352,64.014,81.97,33.333,34.51,0,70.888
0403,Carrazeda de Ansiães,33.7,1.2,41.5,1012.8,27.36,9.92,30.61,37.27,2.2,-0.41,9,7.8,32.01951951951952,850.3,1429.5,216,7.721359630717582,22.8,12.8,30.84136546,2.74,27.57602438,-0.745396057,0.74019245,0,79,90,40,36,4.95,0,72.518,0,30.809,32.062,75,100,66.667,33.834,0,35.826
0404,Freixo de Espada à Cinta,47.1,1.2,38.2,1050.9,25.44,7.52,30.24,37.31,5.8,-2.61,10,7.9,15.514018691588785,784.3,1627.3,217,4.277286135693215,36.5,11.3,25.63541667,4.06,26.44540066,-0.020457671,1.470588235,0,48,59,33.3,33,2.93,0,77.259,0,21.459,26.913,100,99.998,66.667,31.659,0,68.148
0409,Torre de Moncorvo,26.07,3.3,40,1036.1,29.75,6.67,34.8,40.68,3.1,-1.48,40,14.2,5.737368204847323,3135.9,1609.2,669,7.779171894604768,24.2,9.9,29.20958084,0,26.42394743,0.139802509,0.999866684,0,77,90,60,31,6.66,0,75.219,0,23.817,19.063,96.168,100,66.667,34.583,0,48.412
0914,Vila Nova de Foz Côa,15.97,6.2,42.5,1097.8,29.18,6.63,32.1,35.87,4.2,0.22,6,13,14.472068753836709,1137.1,1501,567,11.564384533522526,24.4,12.5,30.44656489,0,14.7051796,-3.876490188,0,0,97,100,64.3,28,5.68,0,72.635,0,16.836,9.96,88.292,100,66.667,34.053,0,33.337
1701,Alijó,38.73,5.8,39.7,1107.7,27.22,8.15,26.08,32.94,4.8,-0.27,41,13.3,14.36808118081181,704.2,1390,526,9.285389167045972,24.6,14.3,33.2737069,5.1,28.39330544,-1.357053241,1.608187135,0,95,100,37.5,22,19.18,0,72.509,0,20.032,32.339,75,100,63.054,33.333,0,44.42
1704,Mesão Frio,38.67,7,40.4,1029.5,28.52,8.38,22.45,28.84,3.5,-1.04,2,15.6,18.21233738984473,1923.4,1252.6,153,19.361856417693986,25.5,17,33.29510155,8.34,27.72861156,-0.833371912,0.167434073,0,86,100,87.5,47,3.44,0,60.948,0,34.244,9.193,75,100,33.333,35.828,0,40.726
1707,Murça,58.18,0.3,41,1150,26.78,8.14,25.06,35.69,4,-0.52,13,8.7,4.194156456173421,673.5,1558,203,7.879333633498424,21.1,14.1,34.10631229,1.53,27.11688312,-1.84738181,1.595120807,0,91,100,25,40,12.12,0,74.36,0,17.567,31.107,75,100,58.954,33.333,0,49.926
1708,Peso da Régua,58.59,7.1,41.7,1154.4,36.01,9.51,22.56,26.51,5.8,-0.89,86,14.3,20.48926396752484,1757.3,1225.9,1329,21.73314993122421,24.7,11.8,26.95116773,9.48,27.96072578,-0.818024091,3.602933362,0,85,100,59.4,50,23.78,2.439,61.275,0,25.326,16.287,75,100,38.863,34.011,0,42.34
1710,Sabrosa,32.55,4.5,39.4,1180.7,28.07,6.97,24.35,32.62,5.3,-0.12,33,6,15.493250259605402,988.6,1248.4,147,11.101321585903085,18.8,16,27.51467269,3.63,26.3108239,-1.445115866,1.180541421,0,75,100,61.5,47,6.29,0,70.814,0,18.725,30.578,75,100,58.092,33.333,0,47.383
1711,Santa Marta de Penaguião,59.94,1.6,41.5,1030.8,27.89,6.81,22.31,31.97,4.2,-0.57,18,10.6,14.6603611349957,1326.8,1174,289,13.388090349075975,19.5,15.6,37.23809524,3.15,29.43502621,-1.622387672,1.454394349,0,100,100,20,25,6.77,0,63.035,0,29.881,16.633,75,100,33.333,35.104,0,45.59
1714,Vila Real,32.42,2,44.8,1308.6,50.1,6.91,23.05,23.53,6.1,0.23,359,9.9,12.956293195755864,381.8,1388.3,1633,11.51723788791576,14.8,9.7,21.01232877,0,26.27709905,1.396156899,1.988376649,6,77,100,0,57,97.53,0,71.812,0,17.771,48.717,75,100,33.904,34.905,0,62.837
1801,Armamar,23.91,4.4,41.4,1070.8,28.77,9.08,25.62,30.77,3.7,-0.27,4,17.6,21.287128712871286,708.6,1534.9,141,13.957597173144876,20.2,17.1,32.38785504,6.72,28.52758802,0.765454806,0.041034058,0,81,100,16.7,57,4.89,0,69.192,0,23.391,36.232,75,100,66.114,33.333,0,55.599
1805,Lamego,32.03,4.5,44.1,1123.1,38.25,10.25,22.67,26.1,5.1,-0.38,43,12.9,17.912239630229905,1105.3,1270.1,670,18.426779977199708,18.6,12.5,28.6124498,2.75,23.04361469,1.44809509,0.506827261,0,85,95,51.1,55,38.61,1.269,69.135,0,28.912,41.918,75,96.115,37.461,34.164,0,63.74
1807,Moimenta da Beira,61.44,3.9,41.7,1041,32.46,7.73,24.4,29.42,7.2,0.44,16,13.2,18.725502591983815,601.2,1486.2,228,9.360126916975146,20.1,10.7,29.41603053,0.82,21.27024219,-4.526150094,0.492362075,0,85,100,27.5,47,9.6,0,72.168,0,8.136,62.327,75,98.043,66.667,33.333,0,78.017
1812,Penedono,36.74,2,NA,952.9,29.04,5.52,31.15,34.48,2.9,0.14,0,12.8,15.56434219985622,540,1447.5,37,6.320346320346321,20.9,16.8,27.92351816,0.86,25.38411903,-0.729118933,0,0,92,100,0,33,2.29,0,77.341,0,7.359,67.962,75,100,66.667,33.333,0,61.39
1815,São João da Pesqueira,19.56,6.6,41.1,1146.8,26.12,5.48,24.05,27.94,5.8,-0.43,20,16.9,24.641021095550432,743.4,1343.8,206,12.604431529240829,23.3,18.5,32.77904762,4.07,27.90200446,-1.848354225,0.767888307,0,89,100,23.1,27,6.11,0,67.358,0,22.633,23.025,75,100,66.667,33.333,0,36.949
1818,Sernancelhe,26.02,2,38.8,1023.2,29.12,4.91,24.94,32.03,4.8,0.43,2,13.6,17.387543252595155,583.8,1339,137,6.282271944922548,20,16.9,31.20162602,3.54,27.7427817,-0.904696998,0,5,75,91,11.1,47,4.4,0,76.618,0,7.764,55.6,75,99.984,66.667,33.333,0,69.778
1819,Tabuaço,48.3,4.8,39.2,1152.5,26.1,7.59,25.55,31.66,3.6,-0.42,8,11.6,17.89838337182448,1332.5,1333.8,202,8.349328214971209,25.8,19.3,34.35407725,3.18,27.48063781,-1.9564851,0.387685291,0,100,100,12.5,38,4.93,0,74.421,0,29.982,35.078,75,100,66.667,33.333,0,49.002
1820,Tarouca,36.59,2.9,39.6,1074,31.41,8.34,24.97,24.54,5.4,1.16,10,12.7,17.219285599871856,354.2,1374.2,141,12.823061630218689,19.4,15.2,29.99808061,3.15,26.4282353,6.90333437,0.33675433,0,99,100,18.8,64,6.25,0,76.948,0,20.736,60.211,75,96.26,66.66,33.333,0,74.555
0401,Alfândega da Fé,45.21,0.5,41.6,1002.3,30.61,9.69,27.14,37.88,2.6,-1.05,24,16,11.412341853860058,834.3,1574,287,7.433532284319046,24.9,7.1,31.8849252,3.24,21.24356436,-3.373807888,0.963733198,1,91,100,0,51,3.96,0,66.616,0,14.935,19.986,90.839,100,66.667,34.507,0,58.131
0402,Bragança,28.56,3.8,44.4,1236.4,48.75,6.62,25.9,28.19,6.2,0.44,149,9.3,9.90349443536462,462.7,1596.1,955,8.404538450763411,21.1,4.4,19.99273168,4.42,18.37685025,-0.837596701,1.072501073,0,90,99,25,42,58.99,0,70.169,0,10.715,59.764,75.333,100,66.667,34.382,0,69.098
0405,Macedo de Cavaleiros,37.75,2,43.5,1108,33.41,7.41,28.06,34.67,4.4,0.12,55,12.8,18.296824588215316,812,1470.8,409,6.998852647107031,26.2,9.3,32.53959965,4.07,21.13981359,1.044564947,0.929996618,1,81,95,9.4,44,23.12,0,66.379,0,9.952,35.778,75.745,100,66.667,34.639,0,64.199
0406,Miranda do Douro,21.41,4,41,1046.2,33.42,5.67,28.49,38.82,3.2,-1.25,9,14.1,12.582781456953644,498.8,1724.2,217,11.095204008589835,25.5,8.8,24.77383178,4.33,18.90396476,-1.488581827,0.397373877,0,96,100,64.7,36,5.81,0,58.578,0,1.513,57.065,100,99.999,66.667,36.09,0,65.702
0407,Mirandela,28.75,2.7,43.1,1135.7,38.67,9.36,25.66,32.12,5.1,-0.22,78,12.1,18.22788099259452,642.5,1547.6,2174,9.071468767585818,24.7,6.6,26.86200717,1.34,18.46488446,-3.796953981,1.189251736,0,90,98,0,49,42.66,0,59.121,0,8.005,5.304,75.497,100,66.667,34.174,0,46.291
0408,Mogadouro,35.56,4.5,42.4,1045.9,32.79,7.68,27.86,37.85,6.1,-0.83,8,13.4,19.729655925723648,689.1,1462.4,207,8.176795580110499,25.5,8.9,29.44129555,4.38,19.55801644,-3.575005234,0.535690371,0,98,100,40,44,7.41,0,63.001,0,11.112,40.761,99.923,100,66.667,33.29,0,88.231
0410,Vila Flor,25.53,4.4,41.5,1106.8,29.41,9.09,26.14,35.44,4.8,-0.28,19,17,21.088180112570356,768.2,1479.7,345,7.543520309477756,23.5,12.9,32.70434783,0,16.22435424,-7.354034885,0.614983228,0,98,98,0,28,5.2,0,66.325,0,17.104,18.602,75.301,100,66.667,34.715,0,43.843
0411,Vimioso,19.14,0.2,40.7,1006.4,25.21,6.08,34.46,43.84,4.1,-0.05,23,11.3,13.011542497376706,465.6,1666.1,75,7.643647865050079,32.9,9.1,29.88246628,0,21.4274301,-1.870386495,0.8399832,0,94,95,0,60,3.63,0,68.648,0,9.214,40.044,92.352,100,66.667,35.216,0,65.357
0412,Vinhais,40.83,3.5,39.1,998.2,23.13,6.89,29.64,44.41,3.4,-1.28,9,5.8,17.043405907641105,805.5,1438.6,115,7.007299270072993,25.8,10.9,33.73882353,0,22.38108484,-2.267563809,0.559040087,0,79,100,0,26,7.04,0,76.677,0,19,54.161,85.868,100,55.672,33.311,0,73.703
0801,Albufeira,22.29,4.2,45,1216.3,47.75,19.65,25.56,18.15,10.9,2.66,310,13.3,6.097642126744005,255,2730,5928,39.070625733937256,17.3,8.1,23.20902256,76.99,64.94515886,14.10093162,0.281347768,0,96,95,50,57,86.48,0,24.794,3.492,1.943,0,28.714,33.313,100,86.525,6.586,44.7
0802,Alcoutim,12.43,6.6,NA,1145.8,26.15,2.97,40.26,47.52,2.5,-0.5,2,15.8,15.771905424200275,2215,1621.1,330,16.708023159636063,26.8,18.6,21.5705968,4.42,54.90246336,13.50697547,0,0,69,100,25,14,2.26,0,41.825,0,3.212,0,49.891,33.333,100,35.339,0,34.842
0803,Aljezur,12.41,0.8,45.9,1093.1,42.65,8.15,33.91,26.9,9,2.16,20,12.7,10.854930999663411,464.5,2368.7,190,33.11957751791776,22.7,13,28.91202873,95.3,53.34374168,12.9152005,0.744500846,0,54,98,5.6,41,4.57,0.233,56.222,4.367,6.308,0,33.763,33.347,66.992,98.186,3.105,44.494
0804,Castro Marim,24.93,4.1,42.7,1088.5,36.04,10.54,28.26,32.51,6.5,2.38,26,9.7,4.878335488421301,880.5,2444.7,1036,34.5900439238653,16.8,10.5,22.62337662,21.34,50.79582618,8.183283052,0.937756418,0,84,97,9.4,50,14.89,0,40.482,8.046,2.848,0,32.664,33.333,100,46.99,0.28,40.276
0805,Faro,28.68,6.5,46.8,1375.8,54.44,8.76,28.37,21.94,8.3,1.26,300,12.6,9.837465707334747,833.9,1607.2,10097,39.41139061616733,27.2,6.7,18.61816251,15.96,43.04267161,8.082319191,1.154508755,4,91,96,47.4,54,99.23,0.903,22.011,36.284,3.495,0,26.09,33.292,100,81.13,3.418,46.472
0806,Lagoa,20.81,4.5,44.7,1264,43.02,13.76,25.81,23.41,8.6,2.45,137,9.1,7.012888551933283,289.9,2980.5,3228,39.04900634689418,17.8,7.5,20.42241379,91.1,47.79768176,7.806479115,0.820616182,0,93,100,30.4,55,36.79,2.698,26.217,9.248,0.166,0,25.547,33.338,100,86.08,8.298,38.438
0807,Lagos,15.76,3.7,44.7,1185.7,46.9,11.98,27.84,24.75,8.2,1.97,191,10.3,5.964271650019691,276.4,2540.8,3366,39.659350057012546,23.9,8,21.56776034,94.6,59.56536606,14.80994568,1.541390547,0,94,100,15.6,59,44.59,0,44.593,7.445,2.324,0,39.626,33.328,89.942,96.398,3.567,34.989
0808,Loulé,19.67,4.7,46.3,1264.5,45.32,11.42,25.6,23.38,10.6,1.8,314,12.5,8.237450816740193,540.1,3267,11331,33.062956049550316,21.3,7.9,22.04027778,52.14,61.49048051,14.26354054,0.591671772,1,82,82,2.7,50,120.5,0,47.93,2.858,7.904,0,43.108,33.321,100,73.97,2.798,54.146
0809,Monchique,14.21,6.3,39.8,1106.7,33.73,7.74,33.56,33.67,8.6,0.26,23,25.3,19.542441736155656,2263.8,1748,194,28.92295280354982,21.4,12.9,24.62340037,4.68,29.59801965,-15.453602,0,0,81,60,90,34,4.69,0.006,85.965,0,23.454,0,50,33.333,99.317,98.525,0,44.043
0810,Olhão,21.37,4.7,42.3,1165.5,43.22,9.81,25.07,22.93,7.5,0.9,325,12.4,10.324308241594764,838.1,1547.1,6064,44.008483563096505,23.7,6.9,20.66160221,22.12,44.09476978,9.915835647,2.95227525,0,78,96,45.9,49,63.54,0,22.201,30.062,2.086,0,25,33.333,100,81.721,2.805,49.11
0811,Portimão,35.1,5.3,44.4,1221.2,49.06,13.46,28.59,22.44,9.6,2.17,472,9.7,9.221843557286595,706.8,1725.6,7444,41.60822441823398,21.7,6,21.14619883,48.27,61.42494812,21.42194286,1.392261955,1,98,98,1.2,56,87.03,1.807,45.645,14.445,2.165,0,35.793,33.319,100,91.251,13.856,32.894
0812,São Brás de Alportel,15.03,2.5,44,1145.4,46.36,7.22,26.85,26.01,6.9,1.08,67,8.5,15.912727272727272,858.3,1963.2,1733,26.42565095760706,19,4.4,21.2503864,6.33,37.28842105,10.15817622,0.788834951,0,67,97,20.5,46,8.28,0,65.072,0,10.854,0,48.136,33.333,100,68.214,0,63.463
0813,Silves,13.37,5.8,41.9,1215.8,41,11.26,27.07,24.99,9.2,2.03,70,11.8,10.609588632157145,1023,2057,4593,36.53465977935081,18.9,10.3,21.9186747,26.22,48.84288355,12.34992309,0.330260906,1,74,89,36.6,48,72.1,0.177,50.328,1.165,6.907,0,46.75,33.409,100,81.841,0.954,34.685
0814,Tavira,13.08,2.3,45.2,1125,43.16,9.13,27.55,29.3,6.5,1.49,241,10.9,9.500937207122774,883.2,2186.7,4706,34.757097247389765,21.1,8.2,25.23916533,39.82,63.37924849,18.93369778,2.385321101,1,79,85,41.8,54,36.59,0.222,58.478,4.609,8.832,0,35.68,33.333,100,70.346,1.027,55.326
0815,Vila do Bispo,9.82,2.1,43.8,1120.4,41.96,9.48,31.62,27.6,8.5,1.89,52,14.9,7.159703504043128,354.2,2945.5,247,44.116457743631216,23,14.8,23.01487603,95.61,48.44201778,3.786239408,0.474656721,0,96,96,47.7,50,4.08,0,46.996,4.263,2.672,0,33.206,33.336,66.667,93.439,3.111,58.162
0816,Vila Real de Santo António,19.36,9.1,41.9,1179.5,39.81,13.16,26.67,26.14,7.9,1.19,128,14.9,7.492767598842816,753.9,1887.5,2590,42.90584841332284,33.4,5.9,23.66771654,25.01,57.90417024,14.23874419,2.32311036,0,99,100,11.1,54,26.65,0,31.216,24.438,0.17,0,25,33.332,100,67.783,14.058,60.895
1502,Alcochete,15.43,38.3,49.9,2338.9,57.52,7.52,22.85,17.8,8.1,1.78,41,9.8,15.54804968402702,931.4,1328.5,2519,24.32870058021859,17.9,19.8,13.94610778,2.47,41.6361991,13.23701034,0.83686805,1,95,98,10,55,74.31,0,12.96,29.472,0,0,29.76,33.332,52.191,72.636,61.07,27.488
1503,Almada,38.3,3.8,46.6,1354.3,53.91,10.06,29.67,23.8,9.5,1.32,2336,8.6,10.49536549088366,445.8,1274.4,15272,36.89474730078824,17.3,29.9,17.34376577,9.82,59.02727622,20.16087946,4.723043762,7,100,100,0,44,317.77,0,16.707,14.127,5.803,0,25,33.333,33.333,94.864,15.72,38.539
1504,Barreiro,37.46,8.8,42.4,1337.8,49.34,10.29,29.63,25.56,10.4,1.45,203,11.2,10.703942171904544,1914.9,1074.2,6931,37.73656320968963,19.7,34.4,15.97935904,1.25,50.76056338,20.77429336,0.992248062,2,99,100,30.3,42,138.64,0,18.241,18.224,0.122,0,25,28.902,47.992,84.629,40.191,28.373
1506,Moita,48.28,6.7,40.7,1257.8,43.96,12.05,26.49,21.91,11,2.08,411,12.1,17.003006823175667,1095.3,1053.7,4900,39.37211248135618,20,28.6,17.55218855,0.68,48.91827263,19.23944549,2.579153326,0,98,100,0,35,108.31,0,12.735,25.578,0,0,25,33.333,50.945,82.775,55.5,27.282
1507,Montijo,32.34,7.3,46.6,1206.1,52.29,9.21,24.55,18.76,10.3,2.36,282,13.1,10.513859504428586,1094.8,1218.4,6720,29.24809989142237,17.9,18.7,19.29530917,1.9,50.31852055,19.22036451,2.05535661,1,86,97,15,55,120.15,0,23.558,2.788,0.004,0,45.309,33.291,64.184,87.136,8.184,32.878
1508,Palmela,12.33,8.4,45.2,1511.4,49.46,7.95,23.13,21.15,8.4,2.07,74,10.9,11.079045337796888,333.5,1523.8,7921,28.112087746976183,14.1,19.8,16.46256983,2.62,38.16740088,8.727603259,0.090249992,2,83,100,16,50,168.58,0.043,21.867,0.939,1.105,0,37.719,33.156,66.667,95.389,8.248,36.703
1510,Seixal,27.07,19.5,44.1,1504.9,51.95,9.23,24.22,21.52,11,2.13,459,8,7.397266882968073,106.9,1214.9,16840,33.92513400657447,14.4,30.4,16.26680244,2.92,47.1761194,15.85965618,0.954400848,4,98,100,0,47,291.79,0,21.451,8.699,0,0,25.055,33.324,38.342,90.88,23.675,31.106
1511,Sesimbra,22.02,6.1,42.9,1166.5,49.88,8,22.54,20.4,7.7,1.91,123,7,8.801978108132557,188.2,1556.5,5129,28.42340808483728,14.7,20,16.09342749,15.3,40.79189621,10.677053,0.982915258,1,97,99,0,45,57.97,0,36.178,3.394,2.835,0,26.028,33.294,60.995,96.241,4.496,40.415
1512,Setúbal,33.15,12.6,45.6,1429.1,51,9.12,27.13,23.07,8.9,0.64,959,10.2,9.60519028404146,500.7,1290.3,10632,36.907111727803944,20.2,19,16.84774536,7.36,48.28171827,18.68141373,3.687877226,1,98,99,8.2,46,155.79,0.277,21.296,21.675,7.838,0,27.243,24.892,66.667,77.037,40.467,32.605
0211,Odemira,12.13,1.3,43.3,1077.7,37.55,5.11,29.22,22.65,9,2.22,40,17.9,13.53427628903249,1005,1216,677,34.641516180940464,22.9,20.3,33.04366812,23.07,44.86490872,6.954216198,0.067805804,0,66,73,33.3,29,20.24,0,38.36,0.504,4.341,0,43.984,53.247,76.333,58.037,1.44,39.745
1501,Alcácer do Sal,14.72,8.3,39.8,1210.1,31.82,5.19,28.82,31.11,5.7,-0.42,21,19.5,13.104770497349724,1527.7,1860.1,922,27.133432645243673,21.5,11.7,18.18023715,15.48,36.3889051,6.997218523,0.810692375,1,95,100,0,32,73.33,1.203,23.612,2.557,0.361,0,45.133,47.182,66.789,73.808,13.351,35.915
1505,Grândola,16.83,10.5,44.6,1408.7,36.67,6.37,28.27,27.62,10,0.43,118,13.5,10.414172851328706,344.4,2252.8,1249,26.193433895297247,25.6,8.8,19.99865501,24.26,47.31185337,18.07877066,1.279317697,2,85,82,14.4,39,39.02,0,28.871,4.863,0.323,0,42.878,45.984,66.667,77.478,5.917,40.75
1509,Santiago do Cacém,8.71,6.7,45.4,1273.1,42.46,6.65,29.44,29.08,6.1,0.17,64,13.4,10.652197386891263,1711.9,1491,2137,26.11511971138078,21.1,9.9,15.43502135,6.02,36.89219051,9.710168034,0.816348597,2,63,88,9.8,41,26.88,0.314,25.73,1.328,0.452,0,45.76,54.488,66.667,66.131,1.241,39.987
1513,Sines,24.67,19.1,45.4,2180.8,44.32,8.17,27.01,22.49,7.7,0.17,113,12.1,6.957124696637004,235.5,1213.1,607,42.053541172483904,25.9,8.4,15.37534858,14.54,50.41603565,17.95892888,4.092071611,2,91,93,10.8,51,18.02,0,28.346,6.719,0.436,0,25,33.237,66.667,90.083,6.361,55.671
0201,Aljustrel,48.06,14,40.6,1473.4,33.47,6.44,27.35,28.63,8.3,0.01,16,17,14.09098653944454,1134.7,1429.6,1320,15.710051199137698,24.7,11.4,14.12129964,1.29,27.70829673,3.230501938,0.508733254,0,96,96,0,16,27.71,0,22.519,0,0.061,0,74.05,66.667,86.559,37.508,0,33.333
0202,Almodôvar,19.33,5.9,43.2,1117.8,31.89,6.07,29.29,32.63,6,-0.63,8,15.3,11.077253988169923,1659,1614.6,953,16.27260083449235,31.6,13,22,3.43,29.43675246,1.419223971,0.177085178,3,76,79,27.3,26,28.74,0,41.781,0,3.138,0,59.324,41.107,100,55.725,0,48.271
0203,Alvito,38.55,13,NA,1266,34.7,7.23,27.64,30.04,9.6,1.05,23,25.4,22.29845626072041,3057.9,1707.9,235,25,31.4,16.9,19.35273243,7.48,29.24805532,3.063663729,1.697792869,2,82,77,50,32,1.94,0,21.986,0,0.091,0,75,66.667,99.479,33.995,0,33.994
0204,Barrancos,41.77,2.9,NA,1036.5,37.25,9.32,28.05,27.47,6.3,-1.05,1,11.3,4.6875,2471.4,1310,241,17.529215358931552,42.1,6.6,19.35273243,4.22,29.24805532,3.063663729,0.616808019,1,100,100,100,0,1.42,0,36.336,0,2.835,0,100,33.331,100,32.859,0,35.138
0205,Beja,50.02,4.2,44.9,1298.9,47.79,5.83,27.69,23.54,8.9,0.34,135,14.9,12.53595160170584,3315.1,1410,5256,15.91549295774648,24.9,8.4,16.94277286,2.75,33.04315097,7.661167995,1.758338639,3,94,94,6.7,39,34.29,0,22.315,0,0.181,0,75.071,57.072,100,34.727,0,33.333
0206,Castro Verde,19.14,19.9,42.1,2479.1,39.48,6.03,26.73,26.98,7.9,-0.27,25,17.6,8.077080770807708,1047.4,1490.1,1037,17.2425952045134,29.3,11.3,13.21020521,2.8,25.35657686,3.09622984,0.99938813,1,95,94,4.8,31,18.11,0,24.675,0,0.038,0,75,59.93,100,33.663,0,33.333
0207,Cuba,52.75,4.4,43.1,1110.8,37.68,6.75,25.39,26.71,8.3,-0.04,44,19.3,7.645466847090663,2368.4,1473.3,524,17.299824663939216,24,12,19.28484848,6.35,29.5718031,3.335071379,2.009377093,1,100,94,16,20,3.79,0,23.21,0,0.035,0,75,66.667,100,34.476,0,33.333
1411,Ferreira do Zêzere,16.79,6.6,37.5,1158.4,31.59,4.4,28.73,32.63,5,1.2,10,14.6,13.176125766053822,2184.3,1652.1,529,16.346447087526688,14.4,14,22.24493927,5.03,28.77628919,2.503636131,0,0,29,98,60,27,9.51,0,60.808,0,11.488,0,75,66.667,66.667,33.333,0,49.104
1413,Mação,16.17,4.3,37.7,1072.8,29.58,5.6,31.88,42.08,3.9,-0.06,5,11.8,18.475336322869957,1670.9,1598.4,508,14.791224345364473,19.9,10,19.71275647,2.36,31.42053277,6.16827698,0,1,60,97,46.2,13,14.41,0,87.047,0,9.985,0.596,75,66.667,66.667,34.377,0,51.955
1417,Sardoal,22.07,2.1,39.3,998.9,34.47,6.29,29.25,32.39,4.7,0.36,20,15.2,16.4987843001042,925.8,1552.6,275,18.144611186903138,22.6,10.5,19.43213988,4.41,31.90032666,6.958739916,2.422983731,1,87,100,50,50,3.06,0,71.551,0,9.204,0,75,66.667,66.667,33.774,0,58.611
1418,Tomar,22.43,6.9,42.4,1199.7,41.79,6.65,28.85,30.59,6,0.49,76,17.1,14.73849813898162,1892.1,1532.6,3957,18.183561293621377,17.9,8.8,19.64065855,0,33.23774217,6.990650762,0.577463719,1,56,100,0,30,57.76,1.425,49.908,0,2.557,0,75,66.667,66.667,38.763,0,37.8
1419,Torres Novas,16.09,6.1,40.8,1298.5,43.69,5.59,26.67,28.31,6.7,0.77,68,17.4,15.64317726709259,1771.1,1419.8,4851,17.690244246788083,13.7,9,15.89054054,0,27.73927114,5.113949012,0.420047733,1,69,98,29.3,35,58.9,1.061,37.718,0,4.608,0.03,75,66.667,63.832,72.282,0,35.788
1420,Vila Nova da Barquinha,27.07,8.7,38.7,1117.3,43.82,6.69,26.45,27.61,8.9,3.15,13,16.5,9.5121353272861,686.1,1240.1,930,16.312542837559974,13.1,10.1,12.57723077,0,21.30138248,3.24550302,1.470948762,1,84,100,12.9,43,16.42,5.696,49.076,0,2.714,0,75,66.667,66.667,58.199,0,33.4
1421,Ourém,9.47,10.7,40.2,1244.4,39.03,4.76,26.16,26.82,7.1,1.02,53,16.5,12.409420289855072,689.2,1387.3,1912,17.68352743496147,13.5,10.2,19.89596167,6.5,33.85317546,8.530690249,0,1,49,100,0,35,64.99,0,55.715,0,6.587,0.113,69.806,66.667,65.122,45.411,0,44.106
1103,Azambuja,19.09,0.8,39.8,1226.3,40.53,7.35,25.56,23.56,7.7,2.23,63,17.4,14.172307178073035,819.2,1260.7,1740,26.38722075426375,17.3,19.1,16.46002621,1.68,34.06848208,6.265753853,0.653266332,3,73,98,12.5,37,70.37,15.685,33.622,14.361,2.1,0,66.27,33.333,33.333,93.946,24.766,33.443
1403,Almeirim,21.13,8.4,41.5,1235.1,39.46,7.34,25.3,25.78,7.1,1.16,35,18.2,7.480023066150424,895.6,1470.3,2906,19.46137648232295,17.5,11.3,21.80673759,1.2,33.46523594,6.604696026,0.648284917,2,90,97,0,38,21.33,14.106,27.81,0.504,0.145,0,75,42.323,49.277,90.478,0.343,33.38
1404,Alpiarça,12.15,7.7,41.8,1154.9,37.54,8.29,26.1,29.46,8.2,2.19,8,17.5,10.490904560179416,2172.1,1524.8,899,18.55705861949358,14.8,9,21.446183950000002,1.54,33.28306976,4.413713955,0.545634921,2,94,96,14.3,19,5.98,26.136,23.701,0,0.1,0,75,50.222,41.692,87.926,0,33.333
1405,Benavente,20.25,10.8,43.9,1348.8,44.38,7.75,23.22,19.73,8.7,2.47,76,12,17.495689083432815,475.3,1413.6,3621,23.51019004213604,18.1,12.4,16.94457275,1.39,33.57422818,5.757345406,0.845539281,2,87,95,0,43,39.21,5.649,19.489,14.915,0.003,0,44.576,33.333,50.746,96.739,18.685,34.626
1406,Cartaxo,13.82,7.8,40.9,1243.7,42.91,7.75,25.53,25.27,6.5,1.43,28,13.8,17.712428182642878,1218,1485.2,2170,26.816228116154733,15,13.6,16.28012232,1.85,27.98833819,4.726516602,0.030323706,2,72,97,16,38,56.26,32.954,23.87,18.913,0.351,0,75,33.333,33.333,96.699,13.384,33.333
1407,Chamusca,17.55,6.6,36.8,1194.4,28.88,5.84,28.7,31.51,8.1,0.21,29,25.3,16.749667994687915,6287.2,1492,917,19.65349214943151,16.2,15.4,19.76227898,1.92,23.00305764,3.743827868,1.580319322,2,82,95,44.4,28,7.86,5.762,42.904,0,1.825,0,75,66.667,66.212,63.816,0,33.474
1409,Coruche,31.72,8.8,39.6,1209.6,30.54,6.87,26.47,33.17,4.7,-0.39,39,24.3,14.38704831845114,1916.9,1571.7,2295,16.127717391304348,13.9,13.8,18.36531987,0.87,30.54980081,3.054387961,0.387659506,4,72,96,0,31,15.48,0,25.82,0,0.101,0,68.394,49.679,66.667,72.216,0.345,33.43
1412,Golegã,18.15,11.4,39.5,1224.7,40.13,4.54,27.46,29.31,6,0.84,34,19.1,15.801548609119587,971.6,1900.6,639,20.20335985853227,18,10.7,15.91138273,7.51,30.42795478,7.682885122,1.510310775,5,99,99,0,19,4.59,53.58,19.835,0,0.116,0,75,66.667,60.435,89.087,0,33.333
1414,Rio Maior,15.49,8.3,42.5,1257.3,39.89,5.03,24.73,23.94,8.9,1.61,35,17,14.26587139472179,995.1,1403.7,1108,21.1816244376036,16.4,9.7,23.06937394,2.23,27.44650411,2.678777482,0.528227138,2,77,100,31.1,35,24.2,0,44.926,0,4.906,0,67.784,33.333,33.333,72.809,0,37.903
1415,Salvaterra de Magos,18.59,8.1,41,1165.2,35.9,7.36,22.91,26.87,6.2,2.08,28,15,7.392733709854168,433.8,1683,2757,18.136908962597037,13.3,13.6,18.64066017,1.29,27.43998336,-0.625541588,0.544680851,2,79,98,2.1,42,25.15,10.221,28.614,8.141,0.125,0,70.176,33.333,42.552,99.438,8.463,33.333
1416,Santarém,23.69,6.7,44.9,1301.6,46.62,6.28,27.35,26.25,8.4,1.07,194,16.2,12.538437221599564,1849.2,1474.7,6228,19.07091469681398,15.3,12.4,18.69875,1.85,33.92843691,9.671460266,0.856506595,2,79,100,22,47,167.17,6.022,34.98,0.039,3.497,0,74.315,37.973,33.369,72.914,0.021,35.83
4901,Corvo,34.03,9.5,NA,1500.1,34.89,4.37,25.81,15.36,2.3,0.46,0,23,16.666666666666664,82.1,1581.6,8,85.06493506493507,60.3,0.8,19.20516129,0,28.76426799,2.618785745,0,0,NA,NA,0,NA,0.33,NA,NA,NA,NA,NA,NA,NA,NA,NA,NA,NA
4101,Vila do Porto,15.39,26.1,51.6,2142.2,38.28,3.72,25.35,17.48,7.6,0.04,44,14.7,13.192539769610532,464.3,1308.9,129,76.60954145437702,14.3,6.5,17.0779298,0,27.45293073,0.971338339,0.142166619,0,NA,NA,30,NA,4.31,NA,NA,NA,NA,NA,NA,NA,NA,NA,NA,NA
4201,Lagoa (R.A.A.),54.5,3.7,45.9,1173,33.35,7.44,14,12.83,8.7,1.4,156,8.8,6.48200489918975,436.2,1051.5,229,82.4185631414547,19.4,10.5,25.47746479,0,29.9198056,-3.169936666,3.728748068,0,NA,NA,30.2,NA,15.46,NA,NA,NA,NA,NA,NA,NA,NA,NA,NA,NA
4202,Nordeste,80.28,0.6,41.2,1005.8,27.83,8.84,24,21.15,5.9,0.07,26,11.8,11.742279832253146,660.4,1219.7,25,86.12269207861823,19.8,22.9,29.87692308,0,34.15550826,0.94676074,1.826484018,0,NA,NA,66.7,NA,3.83,NA,NA,NA,NA,NA,NA,NA,NA,NA,NA,NA
4203,Ponta Delgada,58.35,10.3,45.7,1432,44.91,7.76,20.26,15.03,8.5,0.41,707,11.8,8.833619210977702,871.4,1230.3,2098,75.53920749038622,13.8,11.2,15.58938724,0,30.78639152,3.935468664,1.653930702,0,100,97,26.8,NA,73.52,NA,NA,NA,NA,NA,NA,NA,NA,NA,NA,NA
4204,Povoação,77.56,7.4,44.1,1094.7,29.79,10.84,20.1,17.29,5.4,0.27,37,12.8,11.076923076923077,1747.4,1296.9,83,78.4543325526932,27.7,15.5,30.89868668,0,35.08297604,-0.042257606,1.99382196,0,NA,NA,6.3,NA,4.91,NA,NA,NA,NA,NA,NA,NA,NA,NA,NA,NA
4205,Ribeira Grande,108.38,5,42.8,1171.4,31.95,9.16,13.91,10.64,8.9,0.36,377,12.6,6.404905885358998,679.5,984.4,373,83.15745913511276,23.6,12.4,25.03044872,0,24.80227853,-2.727786228,5.877268799,0,NA,96,31.3,NA,34.06,NA,NA,NA,NA,NA,NA,NA,NA,NA,NA,NA
4206,Vila Franca do Campo,43.54,0.4,43,1057.4,29.76,9.87,14.48,14.91,7.8,-0.29,86,11.1,3.3044293414576984,812.4,1056.2,127,89.55089820359281,22.3,17.6,32.84275618,0,34.96246649,1.144898161,4.320691311,0,NA,100,31.3,NA,9.55,NA,NA,NA,NA,NA,NA,NA,NA,NA,NA,NA
4301,Angra do Heroísmo,28.74,0.5,43.7,1266.8,39.7,6.06,22.26,19.28,6.5,-0.25,649,11.5,10.921348314606742,379.9,1236.2,541,71.37566971320517,13.8,9.8,16.11713396,0,25.81593132,2.12837205,3.136851578,0,NA,NA,0,NA,37.54,NA,NA,NA,NA,NA,NA,NA,NA,NA,NA,NA
4302,Vila da Praia da Vitória,23.42,6.7,41.1,1239.7,34.69,6.03,20.25,18.35,7.3,0.62,413,14.6,7.322325915290739,861.8,1309.1,547,73.86547811993516,9.8,11.5,16.67854785,0,31.82918149,2.714627266,2.330617717,0,100,100,41.5,NA,18.5,NA,NA,NA,NA,NA,NA,NA,NA,NA,NA,NA
4401,Santa Cruz da Graciosa,67.31,10.1,42.3,1215.1,29.8,5.68,25.11,21.76,7.6,-0.73,46,12.1,22.741433021806852,2064.4,1204.3,49,85.82183186951067,14.6,10.2,21.64963504,0,30.97854652,1.066887146,2.03870076,0,NA,NA,58.8,NA,3.41,NA,NA,NA,NA,NA,NA,NA,NA,NA,NA,NA
4501,Calheta (R.A.A.),10.4,4.8,39.4,1078.9,27.69,2.69,27.51,23.65,6.6,-0.23,34,10.9,17.787866281469253,951.1,1359.6,88,78.56145251396647,11.3,15.8,22.68210863,0,31.83886473,-0.821574114,0.081766149,0,NA,NA,66.7,NA,2.93,NA,NA,NA,NA,NA,NA,NA,NA,NA,NA,NA
4502,Velas,15.65,8.8,42,1146,33.62,3.53,25.7,20.89,5.5,-0.06,81,17.8,9.358698987419451,608.8,1468.5,135,74.0009866798224,19.1,11,20.43289474,0,25.75317525,-3.466649821,0.432098765,0,NA,NA,23.1,NA,4.19,NA,NA,NA,NA,NA,NA,NA,NA,NA,NA,NA
4601,Lajes do Pico,14.47,4.3,39.9,1064.6,32.84,4.04,22.26,24.86,8.6,-0.11,12,11.6,12.260654725138975,554.2,1375.3,49,80.73229291716687,12.7,15.3,18.77414449,0,30.15260116,1.986605848,0.156054931,0,NA,NA,40,NA,3.66,NA,NA,NA,NA,NA,NA,NA,NA,NA,NA,NA
4602,Madalena,11.9,4.6,40.4,1136.7,37.06,3.93,21.38,19.97,7.3,0.4,49,12,17.92817679558011,156.1,1420,226,73.92586352148273,12.4,9.8,15.96226415,0,47.40584146,7.593330445,0.17366136,0,NA,NA,16.2,NA,4.7,NA,NA,NA,NA,NA,NA,NA,NA,NA,NA,NA
4603,São Roque do Pico,7.32,15,43.8,1242,37.05,3.75,23.64,21.24,5.5,1.46,30,11.9,18.97302001740644,597.6,1563.9,62,72.76234567901234,13,11.3,19.11921296,0,30.21372719,0.948397236,0.17905103,0,NA,NA,38.1,NA,2.63,NA,NA,NA,NA,NA,NA,NA,NA,NA,NA,NA
4701,Horta,12.01,7.7,43.5,1315.4,41.73,3.83,23.69,19.94,7.7,0,110,11.4,6.3642518618821935,321.6,1320.8,551,67.10432931156849,13.4,8.4,14.944777910000001,0,22.65919196,3.61266272,1.148942133,2,100,100,44.4,NA,15.19,NA,NA,NA,NA,NA,NA,NA,NA,NA,NA,NA
4801,Lajes das Flores,28.53,10.5,NA,1122,31.96,2.82,30.91,20.74,7.6,0.69,5,18.9,29.669260700389103,615.9,1842.7,8,66.16666666666666,18.7,16.1,19.20516129,0,28.76426799,2.618785745,0.197628458,0,NA,99,0,NA,1.17,NA,NA,NA,NA,NA,NA,NA,NA,NA,NA,NA
4802,Santa Cruz das Flores,21.69,18.9,NA,1482.6,32.78,3,28.54,19.16,5.7,0.76,22,21.6,21.10169491525424,1083.8,984.2,23,74.57002457002457,19.2,9.2,19.20516129,0,28.76426799,2.618785745,0.766609881,0,NA,NA,0,NA,1.78,NA,NA,NA,NA,NA,NA,NA,NA,NA,NA,NA
3101,Calheta (R.A.M.),19.85,9.5,45.1,1321.5,33.01,11.71,28.45,25.36,6.9,1.91,18,18.7,16.828309305373526,468.4,1668.6,110,88.41407678244973,15.8,16.2,28.61551433,0,38.35317073,-8.94777537,0.768211921,12,5,100,0,38,9.45,NA,NA,NA,NA,NA,NA,NA,NA,NA,NA,NA
3102,Câmara de Lobos,15.45,3.5,38.4,1137.2,31.13,13.81,16.62,15.08,9.3,1.38,318,12.1,19.17648770551433,919.8,974,116,92.94183549621884,14.9,26.2,23.43911439,0,39.54154728,4.574052058,6.613093483,0,595,100,3.1,31,47.22,NA,NA,NA,NA,NA,NA,NA,NA,NA,NA,NA
3103,Funchal,22.62,5.4,46.3,1377.8,47.15,12.05,25.1,21.61,6.5,0.53,1824,13.2,13.286365202741507,814.5,1139.6,1583,87.88589292692458,13.6,19.4,16.65229722,0,55.15253574,13.86853672,6.487568956,1,96,100,46.7,56,151.77,NA,NA,NA,NA,NA,NA,NA,NA,NA,NA,NA
3104,Machico,15.5,7.4,39.5,1229.7,33.52,11.35,20.82,20.52,6.3,0.43,137,13.3,11.482820976491864,744.4,1121.8,58,92.95619936839216,18.1,17.5,21.4521576,0,32.96410856,2.145742198,2.902508091,2,416,100,35.3,44,27.16,NA,NA,NA,NA,NA,NA,NA,NA,NA,NA,NA
3105,Ponta do Sol,19.71,0.8,42.8,1094.3,33.07,11.16,26.27,21.72,7.4,2.39,15,14.6,19.967266775777414,701.1,1298.2,54,91.82842830306824,14.3,18.8,27.72644377,0,58.24797667,10.12338225,0.040966817,0,578,100,37.8,44,6.88,NA,NA,NA,NA,NA,NA,NA,NA,NA,NA,NA
3106,Porto Moniz,10.23,7.2,NA,1000.1,28.19,11.21,34.44,29.64,5.5,2.73,12,19.2,14.53287197231834,376.7,1259.1,12,89.87108655616943,22.8,21.2,19.3454075,0,50.16813049,10.07080689,2.42814668,0,85,100,NA,31,2.1,NA,NA,NA,NA,NA,NA,NA,NA,NA,NA,NA
3107,Ribeira Brava,12.46,3,40,1129.8,34.03,13.73,24.22,20.8,6.3,1.83,22,15.4,21.15908764883087,500,1131,52,92.23259762309,13.9,20.1,24.04285714,0,55.97822196,11.20462567,0.30403938,0,259,100,NA,35,16.86,NA,NA,NA,NA,NA,NA,NA,NA,NA,NA,NA
3108,Santa Cruz,9.01,5.1,41.6,1275.6,48.37,11.27,20.89,14.68,7.2,1.43,220,11.3,11.849015854316988,375.4,1094.4,300,86.35288098740168,8.2,14.9,15.96518607,0,43.15705766,11.95258766,2.944507361,0,80,100,27.8,32,53.6,NA,NA,NA,NA,NA,NA,NA,NA,NA,NA,NA
3109,Santana,28.08,6.3,39,1060.2,29.98,9.91,28.57,28.54,4.9,0.43,40,16,12.282497441146363,1719.2,1186.1,23,75.71801566579634,14.8,13.8,25.65820643,0,57.85466236,8.676943528,1.651560926,0,52,99,0,26,5.99,NA,NA,NA,NA,NA,NA,NA,NA,NA,NA,NA
3110,São Vicente,17.6,3.5,41,1043.7,29.74,11.82,29.61,27.36,7.3,2.99,21,14.8,11.498810467882633,438.7,1349.9,32,86.08349900596421,14.3,14.9,26.98974359,0,59.17710903,12.25524886,0.420609884,0,88,99,20,37,4.44,NA,NA,NA,NA,NA,NA,NA,NA,NA,NA,NA
3201,Porto Santo,9.99,11.7,44.3,1345.1,40.6,12.52,27.3,18.82,6,2.75,24,19.1,13.296703296703296,509.4,1325.8,67,91.74397031539888,15.5,5.3,13.98189563,0,42.92687581,7.885136964,1.122082585,0,937,100,8.3,57,4.26,NA,NA,NA,NA,NA,NA,NA,NA,NA,NA,NA
0705,Évora,22.66,6.9,42.9,1369.7,53.19,6.28,27.12,23.57,8.1,-0.05,451,14.5,7.783565787262645,1761.8,1606.9,10287,13.612541993281074,17.9,5.7,11.74807481,6.93,34.89309367,4.959334219,2.82753069,1,87,91,28.7,36,80.43,0,26.963,0,0.057,0,77.529,65.913,97.895,45.448,0,40.882
0706,Montemor-o-Novo,10.3,6.6,40.2,1187,37.28,4.9,27.36,30.25,7.5,-0.24,18,16.7,9.909388856757277,1582,1625.3,2386,14.51880948783804,23.9,7.2,15.88106012,4.03,27.88830522,1.540823014,0.611937488,2,75,77,51.9,30,39.73,0,24.902,0,0.27,0,59.877,60.621,67.155,67.597,0,50.122
0707,Mora,13.74,6.6,37.9,1142.3,27.97,7.07,31.28,38.77,5.8,0.14,8,20.9,8.88656560376372,3492.1,1651.8,639,12.720264317180616,28.1,8.2,13.78391552,1.78,29.07606371,-0.88151498,1.428571429,1,93,96,50,10,3.86,0,23.125,0,0.213,0,75,66.667,66.667,43.613,0,33.333
0708,Mourão,137.25,2.7,NA,1142.2,30.08,13.38,24.89,27.99,7.4,0.33,0,12.4,6.272869837950862,7087.5,1702.7,472,11.705685618729095,38.5,10.7,14.83478261,10.86,27.91540209,1.744482924,0.104166667,0,90,90,60,13,2.07,0,19.644,0,0.096,0,100,33.332,100,33.676,0,32.848
0709,Portel,27.13,8.6,35.2,1170.1,32.29,7.9,25.52,28.83,4.4,-0.05,5,16.5,7.494697148244168,2233,1691.7,684,14.532434709351303,24.8,17.1,20.47412008,4.5,32.23979203,0.013078127,0,0,91,91,41.7,17,4.99,0,35.3,0,1.216,0,89.09,52.819,100,33.876,0,34.796
0710,Redondo,24.46,1.3,38.4,1157.1,34.02,6.08,25.63,27.59,6.4,-0.14,16,16.8,9.260478384902347,5028.6,1638,885,16.945288753799392,24.8,10,19.84589331,4.14,24.53261601,-6.275352121,3.050773589,2,93,92,62.5,17,5.46,0,30.978,0,0.957,0,95.956,59.167,96.949,33.934,0,34.358
0711,Reguengos de Monsaraz,51.48,3.5,39.3,1144,37.06,7.34,25.68,26.61,8.1,-0.36,24,12.7,6.826456310679611,1746.7,1758.9,2040,14.141164856860811,24.2,9.8,17.41421393,18.93,24.98255369,3.76478554,0.592165199,0,100,100,54.5,28,8.41,0,23.02,0,0.209,0,100,33.333,100,33.339,0,33.333
0712,Vendas Novas,17.04,9.3,40.5,1248.7,38.93,5.25,25.37,29.52,8.6,0.47,28,15.7,13.277232351566152,1871.2,1468.6,1372,19.747269222531592,18.6,8,16.2304878,2.27,27.16501425,4.426313796,0.88550567,0,99,100,5.9,35,39.81,0,23.307,0,0.023,0,45.199,36.775,66.667,74.46,0,36.669
0713,Viana do Alentejo,26.87,2.2,37.4,1091,36.36,5.5,25.43,26.14,7.2,0.97,4,21.5,6.837845380965671,1775,1643,579,14.211764705882354,24.5,8.1,15.60551724,3.93,28.69220824,0.076055036,0,0,100,87,44.4,20,4.46,0,24.357,0,0.515,0,68.299,66.667,82.942,41.161,0,35.317
0714,Vila Viçosa,12.31,8.8,37.7,1254.9,38.58,5.2,28.46,26.34,4.4,-0.45,40,13.2,6.095791001451379,2269.6,1604.2,1520,12.813283208020051,23.9,9.2,14.34026174,3.14,20.62630034,3.775236511,1.35301353,0,98,98,0,28,6.46,0,34.496,0,0.677,0,100,33.333,66.667,33.745,0,33.978
1001,Alcobaça,12.05,9.4,40.4,1214.6,40.04,5.14,25.2,25.96,7.5,1.07,160,14.6,11.228664127521512,930.6,1498.2,1737,25.3175313059034,12.9,8.3,18.21288515,11.98,33.09995782,7.445162306,0.196106295,0,56,100,8,44,70.86,0,41.441,4.816,5.746,0,42.101,33.709,33.333,58.654,3.145,52.835
1005,Bombarral,11.7,4,42.7,1130.1,38.26,6.86,25.55,27.5,5.7,2,15,19.2,15.651312530955918,815,1503.9,321,30.1994301994302,19.1,13.6,23.06445993,5.15,28.44971818,4.233416305,0.262434391,0,96,100,14.8,34,36.42,0,32.646,0,2.778,0,49.037,33.333,33.333,72.834,0,66.747
1006,Caldas da Rainha,9.75,8.7,44.2,1241.3,46.69,7.46,27.29,25.71,7.1,1.94,94,15.1,14.779993668882558,525,1611.5,1088,27.887416596184565,19,8.7,20.69565217,10.09,39.71412103,9.965739377,0.188083777,1,94,100,0,41,77,0,37.794,5.943,6.816,0,41.046,33.333,33.333,59.441,2.484,65.948
1011,Nazaré,9.36,10.7,42,1225.7,39.04,8.01,25.67,26.21,8.6,1,37,10.4,12.698528340375928,820,1648.5,310,42.55353405248752,20,8.3,21.7465035,52.62,48.11077197,19.18787012,0.62193605,3,97,100,28.9,51,23.38,0,37.812,11.035,3.514,0,27.483,33.333,33.333,59.414,8.963,60.016
1012,Óbidos,7,6.4,44,1242.8,41.29,6.07,24.34,26.74,6,3.15,16,11.3,8.618820468343452,427.8,2154,256,27.47869465807524,10,10.2,20.23439878,45.45,37.4418505,8.566304015,0.13293453,0,87,99,4.3,49,32.76,0,35.428,12.861,3.605,0,31.344,33.333,33.333,55.141,6.565,79.105
1014,Peniche,19.25,6.1,41.9,1136.3,38.15,7.05,26.3,26.07,7.6,0.86,227,9.5,9.05965433934213,520,1539.3,288,48.34032463979573,23.1,8,21.13343558,34.94,37.37676311,8.330700704,2.751997045,1,100,100,24.6,41,30.1,0,25.053,22.405,0.245,0,25,34.015,33.333,41.809,17.256,97.448
1101,Alenquer,14.53,9.5,41.5,1382.7,43.5,7.15,22.06,20.22,9,2.36,46,14.7,10.17682228724081,1496.8,1178.5,3250,32.40058055152395,12.6,17.1,17.17241379,1.97,36.20776494,7.253045066,0.08105802,0,85,100,13.2,41,62.92,0.618,38.79,1.094,7.307,0,52.286,33.333,33.333,96.256,5.412,53.63
1102,Arruda dos Vinhos,7.73,6.9,46,1283.1,49.69,5.31,21.65,19.4,8,2.77,22,12.3,9.749178859361002,716,1347.3,1199,29.850746268656714,13.6,11.9,15.07381776,0.77,34.08053613,9.37047696,1.031866464,1,100,98,0,41,15.62,0,43.454,0,9.91,0,47.035,33.333,33.333,100,0,66.684
1104,Cadaval,12.55,9.3,41.1,1176.9,34.36,6.38,25.44,30.13,5.4,1.89,12,14.5,10.689186125595104,946.6,1529.5,541,24.143616046895037,14.4,14.2,21.48233216,5.06,28.65963484,3.722598166,0.101844517,0,91,100,4.5,25,11.05,0,46.364,0,7.754,0,53.736,33.333,33.333,69.045,0,62.818
1108,Lourinhã,17.25,8.3,43.1,1169.6,39.13,6.26,25.44,25.42,7.9,2.07,72,13.6,12.156156831861392,549,1577.5,801,35.79715568862276,13.8,13.3,22.44528875,16.07,33.37393209,4.927084548,0.749106834,0,100,100,26.3,47,23.24,0,33.629,3.816,1.841,0,33.304,33.333,33.333,67.308,3.906,87.311
1112,Sobral de Monte Agraço,9.91,8.1,44.1,1156.1,41.16,4.88,22.65,20.58,7.7,2.78,11,16.2,15.815485996705108,1310,1318.6,457,33.43151693667157,13.4,14.3,19.83888149,2.65,31.12546584,5.326277746,0,0,100,100,0,34,14.24,0,43.503,0,12.136,0,50,33.333,33.333,100,0,67.464
1113,Torres Vedras,11.06,6.1,44.4,1232.8,43.11,6.14,23.35,22.77,8.3,1.7,181,10.9,11.985148087384507,701.2,1352.8,2706,35.877324672937284,14.4,14.5,20.18668596,3.07,42.28719276,9.032176339,0.156798657,3,94,99,0.6,47,132.99,1.627,35.098,3.329,6.056,0,42.529,33.333,33.333,75.186,3.82,73.04
1401,Abrantes,33.33,7.6,40.8,1289,37.88,7.69,27.63,31.13,7,-0.12,49,20.7,16.488938405220434,4480.7,1425.6,3933,14.576569264069263,12.6,11.7,18.32791957,2.14,26.05329594,5.735610253,0.263769143,1,80,87,48.4,30,46.95,2.333,50.055,0,4.955,0,75,66.667,66.667,47.848,0,38.315
1402,Alcanena,16.94,7.6,38.2,1324.3,37.87,4.34,27.25,28.44,6.9,0.98,30,22.6,18.2803738317757,2279.8,1392.7,1437,18.232361963190183,15.7,8.7,18.64992826,1.38,23.71489706,3.945055035,1.086956522,4,94,100,0,36,49.98,0,49.517,0,7.52,0.093,75,56.776,34.313,68.825,0,45.132
1408,Constância,20.53,19.8,38.9,1418.8,41.85,5.23,25.1,26.01,6.8,1.55,11,17.2,8.568824065633546,1873.3,1432.1,435,15.003304692663583,11.6,14.6,15.30385965,5.78,26.42235088,5.988065161,0.954979536,1,100,100,5.9,26,9.25,9.19,47.703,0,2.12,0,75,66.667,66.667,52.31,0,33.449
1410,Entroncamento,28.11,12.3,42.7,1343.3,53.97,6.46,25.87,20.93,11.3,2.78,67,15.1,15.96330275229358,730.8,1229.9,2867,19.31736526946108,20.4,12.7,15.14708786,0.21,27.96939377,10.43264662,1.661742984,0,100,100,0,40,32.81,0.201,15.099,0,0,0,75,66.667,66.667,90.262,0,33.333
0908,Manteigas,21.9,3.3,38.1,1067.3,30.33,9.12,31.19,37.81,6.5,0.44,21,9.6,11.850236277717194,2442.9,1475.2,79,6.429652042360061,29.7,5,24.12113402,15.94,24.85997085,1.929575257,1.443001443,0,93,93,75,31,2.66,0,85.996,0,39.392,84.145,100,66.667,66.667,37.614,0,100
0909,Mêda,12.31,5.3,39.9,1019.1,26.16,5.66,32.01,38.38,5.2,0.48,11,14.9,19.470251037754498,1004.5,1438.2,111,8.409859835669407,20.9,12.9,30.72611465,0,26.51174207,1.702987062,0.351631178,0,98,100,50,36,4.04,0,70.085,0,8.476,31.444,78.803,100,66.667,34.67,0,36.862
0910,Pinhel,14.1,3.8,39.1,1045.2,27.86,5.48,28.39,38.61,2.3,-0.41,40,20.5,17.782168436651023,1303.2,1472.7,221,9.471613265879707,25.5,8.9,28.41458333,1.26,25.57625512,1.29629754,0.484496124,0,94,99,0,42,11.38,0,72.739,0,5.085,36.681,100,100,66.667,33.569,0,41.977
0911,Sabugal,24.51,3.3,38.7,1091,26.81,5.78,34.43,44.97,2.9,0.18,4,15.3,14.087479217291213,1279.1,1439.5,340,5.549989981967542,22.4,9.9,23.69430052,0.87,20.91317749,-1.891603391,0,0,86,94,43.8,46,9.74,0,77.922,0,4.135,65.153,100,97.632,66.667,33.003,0,66.591
0912,Seia,30.11,3.7,38.7,1081.1,32.23,6.12,26.72,34.47,6.2,-0.14,23,16.9,14.108166392372738,1622.5,1294.1,1072,11.661394131122504,14.8,9.7,23.03470716,10.09,20.70360571,-0.627603849,0.039367865,3,97,97,57.8,27,19.18,0,84.185,0,28.967,42.119,84.775,66.667,66.667,34.425,0,95.426
0913,Trancoso,13.35,5.9,40.5,1131.1,30.84,5.39,29.39,36.06,4.5,1.06,2,19.6,17.78637589400868,936.5,1496.8,140,7.107709130672498,18.4,10.5,27.10536779,2.47,16.19286104,-8.476894377,0.127684272,1,76,85,38.1,46,7.67,0,76.867,0,10.055,49.111,78.041,96.34,66.667,34.671,0,52.236
0501,Belmonte,29.25,10.3,37.6,1041.9,34.8,8.62,26.25,32.18,5.8,0.79,3,16.8,10.588466837236764,775.8,1547.1,514,9.194963754292257,17.2,9.5,22.62178218,4.03,17.17079113,3.168967978,0,0,92,100,25,26,11.6,0,60.126,0,8.016,15.013,100,66.667,66.667,40.042,0,65.042
0503,Covilhã,27.06,5.4,41.8,1178.5,43.4,7.69,28.38,29.79,6.3,0.5,341,15.4,15.93128999663186,1324.5,1549.5,4126,8.445629103114666,15.5,11.6,18.3757764,3.34,27.49062702,3.698145818,1.880592069,0,86,93,0,33,63.18,0,76.946,0,22.381,39.985,94.7,66.667,66.667,36.474,0,91.304
1105,Cascais,17.11,2.4,51.8,1449.8,62.92,8.28,27.09,22.63,7.8,1.22,1176,10.1,9.700500221617173,375.7,1559.2,14965,29.18637599028509,12.4,17.8,16.48906174,14.07,72.08025812,24.51954239,2.512517234,0,100,100,1.1,49,347.44,0,26.302,3.315,4.183,0,25.001,33.333,33.333,76.123,3.233,76.23
1106,Lisboa,36.46,10.6,54.3,1985.6,64.87,8.43,35.24,23.41,10.1,1.51,8244,14.9,9.032974596420974,3614.3,1328.4,50776,30.37960040323247,20.7,27.5,16.40495137,34.94,76.67685129,16.96650647,7.763135615,3,99,100,88.9,51,939.17,0.005,7.403,2.147,2.813,0,25,28.75,33.333,81.073,5.869,47.472
1107,Loures,24.9,7.6,45.8,1440.3,49.97,9.11,25.66,21.98,11.1,1.35,1174,10.3,9.88574114953806,621,1095.8,14866,37.888709044536,14.6,26.9,16.95163807,1.22,55.76051735,14.4071587,2.522600607,32,100,100,3.1,45,492.61,4.927,37.537,1.39,15.798,0,36.006,33.323,33.333,98.961,8.839,60.399
1109,Mafra,8.64,5.8,46.7,1256,53.5,6.23,22.16,17.77,8.3,1.24,264,9.1,10.093133104585355,519.2,1475.9,4111,31.397804054054053,11.8,16.2,16.44884115,15.88,43.21290709,11.6600967,0.276870652,2,89,100,14.1,49,139.75,0.031,42.831,1.545,18.71,0,40.426,33.333,33.333,74.918,1.524,76.87
1110,Oeiras,10.86,10.4,49.6,2104.8,66.35,7.37,30.28,24.03,7.8,1.24,1428,9.6,6.462173346704938,550.8,1231.1,11840,30.234341829537204,14.1,19.6,12.46414934,3.5,54.65693431,15.74963964,3.904164367,0,100,100,20.5,51,352.15,0,18.152,3.904,5.284,0,25,33.232,33.333,94.368,4.269,64.904
1111,Sintra,16.47,5.6,44.6,1439.5,53.87,9.1,24.65,17.86,11.1,1.36,1718,9.3,8.517341589939976,732.8,1146.3,9698,41.02920723226704,15,26.2,17.61023018,4.16,54.80487305,18.2341802,0.901021157,5,95,100,10.5,40,629.9,0,33.691,1.447,7.839,0,38.92,33.332,33.333,78.286,1.357,76.772
1114,Vila Franca de Xira,17.76,7.1,41.9,1475.2,52.81,7.83,23.95,18.49,9.6,0.9,592,8.5,6.131489798733847,1368.8,1037.1,10884,36.404809403137975,17.1,24.3,14.04091816,0.9,45.52997347,15.20761646,1.70266484,0,100,100,7.6,51,298.97,9.667,16.493,44.478,4.808,0,31.931,33.318,33.333,83.714,69.356,46.577
1115,Amadora,24.45,9.3,45.3,1734.8,51.73,9.94,30.12,22.21,11.8,1.86,1487,9.3,9.958230055999266,1370.5,963.5,8986,41.34506821922653,17.8,31,19.03974563,1.39,66.52359405,20.5988193,3.425485434,0,100,100,0,41,321.53,0,18.632,0,6.15,0,27.42,33.333,33.333,100,0,58.797
1116,Odivelas,18.83,2.4,46.5,1185.9,52.97,8.34,25.75,20.88,11.7,1.66,599,8.7,7.214501342459275,264,1059.4,12844,36.67725677406477,14.2,28.2,19.23870282,0.67,60.12,19.11323076,1.27930887,0,100,100,0.8,52,259.25,2.87,21.72,0.005,8.754,0,35.126,33.333,33.333,100,1.778,49.858
1202,Arronches,11.03,1.7,38.3,1101.5,32.49,4.67,29.69,31.52,6.5,-0.04,24,16,16.56781336496639,3744.4,1623.3,369,12.908777969018931,24.9,11,17.96701649,0,22.90212203,-1.721661212,3.346153846,0,86,78,66.7,11,2.46,0,37.961,0,0.527,0,98.915,34.857,66.667,34.725,0,36.177
1203,Avis,61.49,11.6,37.8,1193.6,31.7,8.45,30.52,32.79,5.6,-1.14,3,20.9,14.543404735062008,2318.9,1605,579,12.58609893550407,24.2,12.4,18.30195081,8.14,23.45671957,-1.533197939,0,1,81,81,100,14,3.55,0,23.546,0,0.181,0,75,66.667,66.667,34.844,0,33.333
1204,Campo Maior,53.69,6.8,39.9,1496.2,39.72,6.72,25.01,23.96,5.1,-0.49,63,14.6,6.505648617062719,1101.5,1854.2,1790,7.677843936070198,28.3,9.2,15.81048642,1.1,15.55314361,-1.621168317,1.585127202,1,94,96,23.8,27,6.57,0,25.938,0,0.116,0,100,33.332,66.667,43.714,0,32.976
1205,Castelo de Vide,10.4,6.2,39.2,1102.9,37.37,5.23,27.71,35.69,5.3,-0.53,4,15.7,6.774415405777166,11554.5,1538,337,10.991544965411222,34.7,9.2,17.60603774,11.97,21.07317073,-1.648933172,0.993831391,2,83,87,88.9,15,2.65,0,57.942,0,2.608,0.597,82.029,66.667,66.667,33.262,0,40.694
1206,Crato,38.16,1.1,36.6,1055.9,28.31,7.44,30.59,39.97,4.9,-0.8,8,12.5,11.956181533646324,6109.1,1633.5,607,6.254545454545454,31.3,11.8,16.08503937,3.07,22.560868,0.150054227,0.955905026,0,88,92,76.9,18,2.88,0,40.275,0,0.07,0,75,66.667,66.667,33.343,0,33.453
1207,Elvas,65.84,6.3,40.9,1098,42.66,10.84,28.16,24.38,6.6,-0.43,138,20.3,11.706807844306914,2940.6,1528.3,4291,13.46176298890835,22.8,5.5,18.23395722,5.79,25.33561644,1.209961988,2.211230724,0,86,86,15.4,29,34.5,0,32.586,0,0.416,0,100,33.333,66.667,34.865,0,38.305
1208,Fronteira,10.78,11.3,38.3,1111.3,34.05,6.28,27.05,33.48,5,0,10,17.7,8.538011695906434,7181.3,1665.1,524,16.9449081803005,24.7,12.9,17.61983471,5.57,22.14440895,-1.683130381,3.42703119,0,98,98,100,13,2.65,0,25.587,0,0.139,0,75,66.667,66.667,33.333,0,33.333
1209,Gavião,21.33,24.7,37.1,1252.5,24.89,7.71,29.09,42.07,3.9,-1.85,3,18.5,12.468121280816096,2485.2,1518.9,344,11.929107021131562,36.8,14.5,17.88730159,1.89,22.29478199,-1.797117859,0.111731844,0,85,97,0,30,7.5,0,67.05,0,2.802,0,75,66.667,66.667,40.285,0,33.577
1210,Marvão,16.91,2.1,38.2,972.4,30.47,5.67,29.77,35.55,7.3,-0.13,8,21.5,20.81081081081081,1763.5,1580.4,290,4.580745341614907,16.3,14.9,19.37851809,8.31,23.44790257,-1.585355949,0,4,71,75,0,15,2.73,0,63.013,0,9.858,0.827,92.21,66.667,66.667,33.038,0,61.13
0701,Alandroal,13.32,7.2,36,1171.4,27.87,6.71,29.86,32.07,5.8,-0.46,15,12.1,6.561085972850679,3826.2,1837.1,815,16.19489559164733,18.4,16.5,19.76708373,4.54,32.27278364,1.891485147,0,0,75,87,40,23,4.54,0,30.221,0,0.225,0,100,33.333,77.81,34.252,0,33.19
0702,Arraiolos,8.15,8,37.3,1200.1,37.37,5.35,27.41,28.81,7,1.35,4,14.4,11.727616645649434,2409.3,1784.4,1015,13.916786226685796,21.7,9.7,14.00934579,5.7,28.49249898,0.61901966,0,0,88,92,40.9,28,6.84,0,25.78,0,0.203,0,75,66.667,71.21,59.262,0,43.31
0703,Borba,45.78,5.8,37,1139.8,33.53,5.81,24.92,29.03,5.8,-0.31,16,18.3,9.4151212553495,2604.5,1667.7,1174,11.399548532731377,22.2,11.2,16.09612626,4.15,16.59349649,-3.670575779,1.435185185,0,85,98,42.9,19,9.05,0,42.796,0,1.001,0,100,47.989,66.667,33.333,0,34.592
0704,Estremoz,43.1,5.7,39.1,1170.8,39.77,5.32,27.98,29.05,8.5,-0.54,20,21.6,17.02944942381562,2807,1560.7,2114,13.716814159292037,23,6.6,15.15673289,4.36,21.13415558,-0.084799799,0,0,72,83,87.5,16,20.1,0,36.298,0,1.12,0,79.505,66.665,71.706,36.419,0,34.647
1316,Vila do Conde,16.27,6.7,44,1363.8,41.91,7.78,17.87,20.33,7,1.17,335,7.1,7.493212669683258,537.2,1331.9,1809,38.07545744790415,14.2,13.3,19.03244838,0,39.03127506,7.610236783,2.357140982,0,92,98,33.3,51,162.97,0,27.789,7.814,1.495,0,33.133,99.95,33.333,40.069,2.825,59.252
1317,Vila Nova de Gaia,39.53,7.3,45.1,1392.3,47.74,11.18,22.37,21.4,7.3,0.56,2189,9.4,12.728067376132532,988.6,1369.6,9299,34.31164652007096,11.9,18.6,18.41168659,0,48.31859106,13.0487956,2.461271693,2,88,90,16,49,654.52,1.66,24.081,4.33,2.2,0,33.691,66.632,33.333,37.832,1.955,55.096
1318,Trofa,17.57,8.9,40.4,1342.4,39.2,7.79,16.4,19.93,7.6,0.74,138,8.4,12.22458688032048,617.5,1334.2,2344,35.09111780743292,13.2,10.6,18.42302158,0,35.3880811,8.453952608,0.782186337,2,97,96,18.2,46,106.17,0,47.287,0,3.768,0,50,100,33.333,36.392,0,40.229
1702,Boticas,15.3,3.3,40.9,1051.7,24.02,5.73,26.35,37.1,4.9,-1.09,0,10.2,13.71765200925731,728.8,1351.7,58,6.326034063260341,18.7,16,34.48874598,0.9,31.35453184,1.725754864,0,1,79,95,0,41,4.46,0,82.655,0,19.994,57.721,89.446,100,33.333,33.998,0,64.162
1703,Chaves,31.72,9.2,43.8,1181.3,37.62,8.46,26.53,32.17,5.4,-0.26,131,12.9,11.086257514329652,689.7,1423.9,1890,9.66177489450148,18,7.9,27.53765324,2.27,29.79310344,2.875571368,0.883877927,1,88,100,3.6,47,49.09,0.891,68.817,0,10.956,32.521,97.76,100,33.333,36.628,0,58.594
1706,Montalegre,23.34,5.5,41.4,1054.8,24.54,7.25,30.38,39.64,3.2,-0.46,22,10.3,10.774596182085167,1166.3,1333.1,67,5.915206905305915,21.2,15.3,36.20977597,5.31,31.59105431,2.666320614,0.19101328,0,49,100,0,31,8.18,0,80.688,0,18.924,80.69,95.801,99.999,33.333,33.143,0,80.029
1603,Melgaço,7.69,4.8,39.7,1069.4,27.47,4.6,29.72,42.54,3.8,-0.55,11,10.4,14.905564063297602,1217.4,1676.4,230,10.550859807636256,19.5,10.1,28.06329114,0,25.66059723,-4.241867373,0.226472068,1,70,87,55.6,43,7.15,0,81.966,0,33.424,62.101,100,99.999,33.333,32.314,0,73.726
1601,Arcos de Valdevez,9.14,4.6,41.7,1140.4,29.86,6.17,28.14,36,5.1,-0.19,64,10.6,13.880303456026974,344.3,1524.8,1008,14.409682575930576,15.2,10.7,31.24927815,5.8,28.9796056,3.123519517,0.561829004,0,34,93,46.6,50,20.94,0.318,76.92,0,43.479,30.787,92.769,100,33.333,33.712,0,69.093
1602,Caminha,9.9,2,44.3,1069.7,41.61,6.82,24.47,29.51,5.8,0.98,40,8.3,9.282083420374626,473.1,1950,339,24.47695453830423,15,9.6,24.97959184,23.29,30.13731694,-0.211375712,0.133034589,1,83,99,6.1,41,23.43,0,64.35,6.161,16.861,1.218,42.456,99.941,33.333,33.731,9.567,74.835
1604,Monção,8.47,8.1,40.6,1139.3,34.89,5.35,26.97,34.11,5.8,-0.16,36,15.7,11.271571954653766,582.1,1642.6,954,15.525541588660069,16,10.5,26.57283465,2.99,30.92267756,4.336685023,0.932417781,1,49,100,26.8,63,16.98,0,64.722,0,24.498,8.893,99.281,100,33.333,36.922,0,60.974
0301,Amares,10.12,7.5,39.7,1152.4,39.29,6.72,16.32,21.5,6.5,1.04,85,8.9,10.897055917802806,272.9,1344.2,1401,18.95265641650175,12,15,24.13523132,7.88,26.14153846,6.040277827,0,0,62,100,20,53,21.07,0,49.423,0,28.051,2.973,75,100,33.333,33.94,0,42.176
0302,Barcelos,5.23,6,39.5,1165.1,36.37,5.31,15.24,19.71,7.4,-0.04,446,8.5,11.725979004837315,300.5,1360.9,6620,31.286098386775542,13.2,13.3,20.74422735,1.59,30.31578947,1.873123873,0.371623726,2,72,94,4.8,53,172.71,0,38.072,0.003,7.798,0,47.758,100,33.333,34.278,0.124,48.564
0303,Braga,12.72,8.1,45.6,1391.4,53.91,7.61,19.52,18.19,7.8,0.96,1156,8.8,10.183586653577514,255,1233.3,17423,24.42450090996235,15.8,13.3,17.63659961,4.08,37.86000376,10.99953293,0.77202915,2,100,100,13.4,59,290.78,0,38.931,0,11.624,0.551,67.285,100,33.333,33.87,0,46.933
0306,Esposende,5.86,6.3,43.9,1160.4,43.17,5.17,18.16,20.04,8.3,1.58,77,6.7,8.056248582444999,182.5,1521.4,583,27.96357482472399,11.5,11.3,21.46,13.66,40.89188052,8.804999887,0.308223976,4,85,100,4.5,61,70.12,4.438,29.092,26.916,2.225,0,25,99.999,33.333,40.556,12.608,64.204
0310,Terras de Bouro,8.32,15.7,38.6,1141.7,30.74,10.04,22.64,29.08,5.3,-0.5,19,11.8,22.02344231955583,642.6,1380.2,216,15.452631578947368,17.4,20.6,28.39830508,41.9,44.59762639,9.945219971,0.472861842,0,37,94,0,47,5.63,0,80.12,0,55.051,48.139,82.33,100,33.333,33.315,0,75.904
0313,Vila Verde,7.51,4.3,40,1096.1,36.86,6.72,16.75,21.83,8.1,1.14,56,9.2,10.443672050705375,234.7,1308.8,2922,21.645796064400717,11.4,13.5,26.43495146,0,31.57296921,7.935144867,0.095305184,0,45,78,0,59,51.97,0,53.268,0,23.034,5.033,71.809,100,33.333,34.257,0,51.55
0304,Cabeceiras de Basto,21.17,2.9,39.3,1016.1,33.32,8.59,19.54,22.65,6.5,-0.14,19,9.2,14.996417238202476,314.9,1291.2,412,12.09045584045584,15.5,15.2,30.2144873,6.36,22.49622039,-0.684740543,0.214899713,3,41,89,37.9,55,16.13,0,78.104,0,34.193,32.665,75,100,33.333,33.333,0,70.349
0307,Fafe,12.23,3.8,40.8,1065,33.04,8.34,19.38,23.07,6.6,-0.19,267,10.3,11.431713050731782,311.5,1277.1,3423,20.52637314734089,15.6,13.1,25.81947262,0.69,24.8130107,1.24103618,0.823837388,0,52,99,6.9,47,63.85,0,68.393,0,21.046,20.665,75,100,33.333,33.333,0,69.94
0308,Guimarães,9.07,5.3,41,1179,38,7.4,16.98,19.98,7.2,-0.18,937,7.8,10.187107210857086,374.5,1311.3,14584,26.812071235534617,15.1,11.9,17.75037594,1.9,29.7868784,4.241281057,2.384066587,0,94,99,13.2,54,243.66,0,43.972,0,15.759,0.803,73.172,100,33.333,33.333,0,45.229
0309,Póvoa de Lanhoso,8.65,2.7,38.4,1050.5,32.26,7.53,17.85,22.39,7.3,1.42,64,8.9,16.760179544725872,246.6,1391,1177,16.725618999494692,14.8,16,26.11948529,1.72,25.92000001,2.827856458,0.31260283,0,53,99,1.6,52,20.48,0,60.764,0,23.251,3.08,75,100,33.333,33.333,0,47.448
0311,Vieira do Minho,14.33,1.7,40.2,1021.5,29.78,8.93,21.77,29.53,4.1,0.01,67,10.1,15.52111972006998,488.4,1348.8,228,12.859969224005278,15.3,19,30.61871921,0,28.22727273,-1.153819993,1.253918495,1,40,87,26.5,35,11.39,0,77.014,0,40.831,35.189,75,100,33.333,33.333,0,73.009
1705,Mondim de Basto,23.1,0.6,38.9,976.1,28.7,9.19,24.03,27.97,5.3,-0.17,16,7.6,27.65168048886949,120.8,1430.6,117,14.347998414585811,21.9,18,32.26260704,11.81,35.22009019,3.679569383,0.91423596,1,24,97,3.8,44,7.3,0,76.717,0,33.686,32.695,75,100,33.333,33.333,0,66.271
0104,Arouca,9.95,7.7,39.5,1174.6,31.66,4.83,17.43,23.79,6.2,-0.43,40,10.1,16.724926055391233,523.3,1312.2,890,19.84732824427481,12,11.6,26.15665236,5.86,30.26373626,2.303438497,0.21812233,3,51,81,25.9,62,20.68,0,82.112,0,29.526,14.741,50,66.667,33.333,33.333,0,59.068
0107,Espinho,25.86,8.7,44.5,1244.2,42.78,10.07,24.04,28.26,4.9,1.05,338,10.1,18.773013792673034,935.3,1284.1,589,37.37786320679161,22,13.5,18.82255846,5.8,40.24555735,5.509167667,4.900101163,0,100,100,14,42,59.97,0,19.892,22.403,0.031,0,25,66.667,33.333,54.109,12.314,65.23
0109,Santa Maria da Feira,15.4,7.6,41.6,1301.7,39.45,7.71,17.55,20.95,7.1,0.52,485,9.3,15.741956138946694,586.9,1279,7702,28.720939365378573,9.5,8.9,19.89283019,0.75,30.46730529,3.844330053,1.284644134,0,97,98,0,48,269.77,0,38.305,0,3.697,0,40.526,66.667,33.333,34.863,0,46.639
0113,Oliveira de Azeméis,8.8,12.5,40.3,1368.8,35.91,6.06,17.9,23.07,6.4,0.29,316,11.5,17.30788056779246,822.3,1397.5,5466,23.029645697758497,12.9,5.2,18.09480813,0.51,25.48240559,3.997369383,0.168050613,0,59,84,15,44,85.38,0,44.224,0,8.448,0.098,40.497,66.667,33.333,35.88,0,46.072
0116,São João da Madeira,18.79,8.4,43.7,1321.5,44.95,8.73,22.31,22.16,5.9,1.6,387,9.2,10.017922837468165,1166.7,1130.5,1235,32.48280452629243,22.1,4.9,18.1858006,1.42,32.00901535,4.767166545,6.24688652,1,100,100,36.4,23,29.45,0,13.087,0,0.221,0,50,66.667,33.333,33.333,0,37.825
0119,Vale de Cambra,8.41,11.4,40.5,1367.5,35.93,4.21,20.61,28.18,6.8,-0.06,19,12.1,14.678745176983726,762.9,1305.3,2232,16.27851711026616,11,6.9,18.86602871,2.23,29.10658942,7.374645472,0.025150905,0,75,67,13.7,36,25.02,0,70.704,0,27.435,9.248,50,66.667,33.333,34.026,0,70.05
1304,Gondomar,34.24,4.2,42,1222.9,44.13,10.97,19.77,21.37,6.8,0.48,1485,9.9,14.643733984464092,1176.8,1238,6996,38.00837133753983,11.1,22.4,19.40315638,1.24,40.7163609,8.320236032,4.303431114,3,90,97,0,41,248.97,0,51.364,0,8.987,0,50,73.647,33.333,31.812,0,35.426
1306,Maia,26.46,9.3,45.1,1524.7,53.42,8.7,19.77,19.36,6.8,1.44,903,8.2,11.28272207408898,1063.3,1317.8,5507,29.003340115944255,11.4,14.4,15.09859155,0.99,38.67380674,7.43623016,4.160693563,1,100,100,23.4,57,307.74,0,24.929,0,0.355,0,45.494,100,33.333,35.638,0,45.083
1308,Matosinhos,30.98,9.2,46.4,1600.7,50.32,10.02,24.26,22.89,6.4,0.83,2633,8.5,9.08858789485203,1058.1,1297.6,4409,35.594334633909305,15.2,17.2,16.03400121,3.7,52.75369399,12.49105203,5.351199535,3,99,100,23.6,54,361.61,0,12.514,13.677,0.261,0,27.03,90.455,33.333,37.805,4.833,60.48
1310,Paredes,27.51,3.9,41.4,1136.5,36.3,8.73,15.32,16.35,7.6,0.63,168,9.2,15.4210657577521,449.4,1325.4,5741,36.91168166871492,12.1,17.2,28.40804598,0.75,32.96915168,4.992741312,0.473663186,0,78,100,8.6,51,175.12,0,54.848,0,9.057,0.001,50,95.702,33.333,33.333,0,43.078
1312,Porto,58.04,12.7,53.7,1761.4,58.36,11.71,32.66,25.97,7.6,1.56,6342,15.2,12.885446037554743,1598.4,1752.5,8192,31.79943776752569,22.3,22,18.26096257,33.24,67.5072,22.51273845,10.594638,2,100,100,64.8,57,463.01,5.348,4.757,4.542,0.63,0,31.834,69.063,33.333,28.72,1.896,59.235
1313,Póvoa de Varzim,22.11,7.2,44.7,1228.5,42.46,8.26,19.55,20.58,7.8,1.37,277,7.3,11.637108153722712,285.8,1326.7,969,40.56611816864183,18.9,11.9,23.17348609,5.47,42.7157229,8.831713115,1.344809037,3,94,100,1.8,52,113.65,0,24.041,18.442,0.72,0,32.345,99.813,33.333,43.028,5.238,58.35
1314,Santo Tirso,20.19,8.4,41.3,1264.1,36.3,7.7,17.62,24.62,6.1,-0.17,504,10.7,9.405524290057572,583.8,1339.3,6277,28.08081603717853,13,11.5,18.53594771,0.58,25.92481203,2.329695989,1.72646256,1,79,92,18.8,33,106.29,0,48.874,0,10.46,0.012,50.504,100,33.333,33.333,0,45.269
1315,Valongo,33.66,7.9,41.5,1308.4,45.11,10.02,19.27,19.44,7.1,1.29,563,7,12.530530147023612,679.6,1216.2,4524,34.92119854688482,13.2,18.5,18.00691563,0,39.86027812,8.724460492,2.796157428,0,98,99,6.7,46,187.77,0,55.829,0,8.415,0,50,100,33.333,33.333,0,40.607
0312,Vila Nova de Famalicão,11.66,12.3,40.7,1347.6,40.48,6.99,16.14,19.68,8.1,0.52,355,9.1,10.728527341447345,338.5,1347.7,11275,27.35179342411159,12.4,11.2,17.23768116,0,29.4196662,3.742557764,0.652209066,0,96,93,15.9,56,236.59,0,32.641,0,5.771,0,50.027,100,33.333,34.849,0,38.74
0314,Vizela,4.71,10.4,38.1,1104.9,33.6,6.79,14.51,17.51,8.4,0.65,44,7.8,9.03173311635476,185.3,1208.4,2287,32.720028126098676,18.5,11.2,18.4649629,0,27.43355372,5.693025594,0.189693329,0,97,98,19.2,61,33.5,0,41.256,0,21.839,0,75,100,33.333,33.333,0,40.045
